,molecule_chembl_id,canonical_smiles,standard_value,target,mol_wt,mol_logp,num_H_don,num_H_acpt
0,CHEMBL177598,O=C(Nc1ccc(CCc2ccc(O)c(O)c2)cc1)c1ccc(Cl)cc1O,400.0,active,383.83100000000013,4.4943000000000035,4.0,4.0
1,CHEMBL175216,Cc1ccc(C(=O)Nc2ccc(CCc3ccc(O)c(O)c3)cc2)c(O)c1,400.0,active,363.41300000000007,4.149320000000004,4.0,4.0
2,CHEMBL52,CC(Cc1ccc(O)c(O)c1)C(C)Cc1ccc(O)c(O)c1,4900.0,intermediate,302.37,3.5664000000000033,4.0,4.0
3,CHEMBL176728,O=C(Nc1ccc(CCc2ccc(O)c(O)c2)cc1)c1ccc(-c2ccccc2)cc1O,25000.0,inactive,425.48400000000015,5.507900000000006,4.0,4.0
4,CHEMBL172429,COc1cc(CCc2ccc(NC(=O)c3ccc(C)cc3O)cc2)ccc1O,25000.0,inactive,377.44000000000005,4.452320000000005,3.0,4.0
5,CHEMBL176923,O=C(O)c1ccccc1-c1cccc(C(=O)Nc2ccc(CCc3ccc(O)c(O)c3)cc2)c1O,25000.0,inactive,469.4930000000002,5.206100000000005,5.0,5.0
6,CHEMBL177098,Cc1ccc(C(=O)N(C)c2ccc(CCc3ccc(O)c(O)c3)cc2)c(O)c1,5000.0,intermediate,377.44000000000005,4.173620000000005,3.0,4.0
7,CHEMBL367410,O=C(Nc1ccc(CCc2ccc(O)c(O)c2)cc1)c1ccccc1O,300.0,active,349.3860000000001,3.8409000000000026,4.0,4.0
8,CHEMBL177100,O=C(Nc1ccc(CCCCc2ccc(O)c(O)c2)cc1)c1ccccc1O,300.0,active,377.44000000000005,4.6211000000000055,4.0,4.0
9,CHEMBL175315,COc1ccc(CCc2ccc(NC(=O)c3ccccc3O)cc2)cc1OC,25000.0,inactive,377.4400000000001,4.446900000000004,2.0,4.0
10,CHEMBL176689,O=C(Nc1ccc(CCCc2ccc(O)c(O)c2)cc1)c1ccccc1O,300.0,active,363.41300000000007,4.231000000000003,4.0,4.0
11,CHEMBL177171,O=C(Nc1ccc(CCc2ccc(O)c(O)c2)cc1)c1ccc(O)cc1O,5000.0,intermediate,365.3850000000001,3.5465000000000013,5.0,5.0
12,CHEMBL173802,O=C(Nc1ccc(CCc2ccc(O)c(O)c2)cc1)c1cc(Br)ccc1O,1500.0,intermediate,428.2820000000001,4.603400000000004,4.0,4.0
13,CHEMBL177055,O=C(Nc1ccc(CCc2ccc(O)c(O)c2)cc1)c1cccc(Cl)c1O,1200.0,intermediate,383.83100000000013,4.4943000000000035,4.0,4.0
14,CHEMBL413350,O=C(Nc1ccc(CCc2ccc(O)c(O)c2)cc1)c1ccc2ccccc2c1O,400.0,active,399.44600000000014,4.994100000000005,4.0,4.0
15,CHEMBL176634,O=C(O)c1cccc(C(=O)Nc2ccc(CCc3ccc(O)c(O)c3)cc2)c1O,25000.0,inactive,393.39500000000004,3.5391000000000026,5.0,5.0
16,CHEMBL173368,O=C(Nc1ccc(CCc2ccc(O)c(O)c2)cc1)c1c(O)ccc2ccccc12,600.0,active,399.44600000000014,4.994100000000005,4.0,4.0
17,CHEMBL92212,CCc1cc(O)c(O)cc1C[C@@H](C)[C@@H](C)Cc1cc(O)c(O)cc1CC,160.0,active,358.47800000000007,4.691200000000005,4.0,4.0
18,CHEMBL88952,C[C@H](Cc1ccc(O)c(O)c1)[C@@H](C)Cc1ccc2c(c1)OC(C)(C)O2,85.0,active,342.43500000000006,4.662500000000005,2.0,4.0
19,CHEMBL92359,C[C@H](Cc1cc(O)c(O)cc1[N+](=O)[O-])[C@@H](C)Cc1cc(O)c(O)cc1[N+](=O)[O-],350.0,active,392.3640000000001,3.382800000000003,4.0,8.0
20,CHEMBL89275,CC(=O)c1cc(O)c(O)cc1C[C@@H](C)[C@@H](C)Cc1cc(O)c(O)cc1C(C)=O,380.0,active,386.4440000000001,3.971600000000004,4.0,6.0
21,CHEMBL89283,C[C@H](Cc1cc(O)c(O)cc1Br)[C@@H](C)Cc1cc(O)c(O)cc1Br,83.0,active,460.1620000000001,5.091400000000005,4.0,4.0
22,CHEMBL316139,COc1cc(C[C@@H](C)[C@@H](C)Cc2ccc(O)c(O)c2)ccc1O,250.0,active,316.397,3.8694000000000046,3.0,4.0
23,CHEMBL7660,O=C1CCN(c2ccccc2)N1,420.0,active,162.192,0.9279,1.0,2.0
24,CHEMBL91531,COc1ccc(C[C@@H](C)[C@@H](C)Cc2ccc(O)c(O)c2)cc1OC,580.0,active,330.42400000000004,4.172400000000004,2.0,4.0
25,CHEMBL314941,C[C@H](Cc1cc(O)c(O)cc1Cl)[C@@H](C)Cc1cc(O)c(O)cc1Cl,65.0,active,371.26,4.873200000000005,4.0,4.0
26,CHEMBL81848,O=C(CCc1ccc(NC(=O)c2ccccc2O)cc1)Nc1ccc(O)c(O)c1,1450.0,intermediate,392.41100000000006,3.6270000000000016,5.0,5.0
27,CHEMBL79402,O=C(Nc1ccc(NC(=O)c2ccccc2O)cc1)Nc1ccc(O)c(O)c1,1510.0,intermediate,379.37200000000007,3.699700000000001,6.0,5.0
28,CHEMBL79109,O=C(Nc1ccc(/N=C(\S)Nc2ccc(O)c(O)c2)cc1)c1ccccc1O,1950.0,intermediate,395.4400000000001,4.085100000000002,6.0,5.0
29,CHEMBL81583,O=C(CCc1cccc(NC(=O)c2ccccc2O)c1)Nc1ccc(O)c(O)c1,1670.0,intermediate,392.41100000000006,3.6270000000000024,5.0,5.0
30,CHEMBL420775,O=C(/C=C/c1ccc(NC(=O)c2ccccc2O)cc1)Nc1ccc(O)c(O)c1,1470.0,intermediate,390.3950000000001,3.707600000000001,5.0,5.0
31,CHEMBL421710,O=C(Nc1ccc(O)c(O)c1)c1ccc(NC(=O)c2ccccc2O)cc1,1270.0,intermediate,364.3570000000001,3.3080000000000016,5.0,5.0
32,CHEMBL79275,O=C(Nc1ccc(O)c(O)c1)c1ccc(NCc2ccccc2O)cc1,1010.0,intermediate,350.374,3.6678000000000015,5.0,5.0
33,CHEMBL17815,CCCc1cc(Cl)c2oc(Cc3ccc(OC)cc3)c(C)c2c1O,40000.0,inactive,344.8380000000001,5.6521200000000045,1.0,3.0
34,CHEMBL157082,CCOC(=O)c1c2cccccc-2c2c(OCC)oc(=O)c(C#N)c12,24200.0,inactive,337.3310000000001,3.3448800000000025,0.0,6.0
35,CHEMBL274642,NC1=NN(c2cccc(C(F)(F)F)c2)CC1,213000.0,inactive,229.20499999999993,2.1877000000000004,1.0,3.0
36,CHEMBL186007,Oc1ccccc1Br,100000.0,inactive,173.009,2.1547,1.0,1.0
37,CHEMBL185651,Oc1cccc(Br)c1,100000.0,inactive,173.00900000000001,2.1547,1.0,1.0
38,CHEMBL57284,Oc1ccc(Br)cc1,55000.0,inactive,173.00900000000001,2.1547,1.0,1.0
39,CHEMBL184410,OCc1ccc(Br)cc1,100000.0,inactive,187.036,1.9413999999999998,1.0,1.0
40,CHEMBL187292,CCOc1ccc(Br)cc1,100000.0,inactive,201.063,2.847800000000001,0.0,1.0
41,CHEMBL186858,Oc1ccc(Br)cc1Br,34000.0,inactive,251.905,2.9172000000000002,1.0,1.0
42,CHEMBL111507,Oc1c(Br)cccc1Br,100000.0,inactive,251.905,2.9172000000000002,1.0,1.0
43,CHEMBL185893,CC(Cc1ccc(O)c(O)c1)[C@H](C)Cc1ccc(O)c(O)c1,110.0,active,302.37,3.5664000000000033,4.0,4.0
44,CHEMBL362761,Oc1c(Br)c(Br)c(Br)c(Br)c1Oc1ccc(Br)cc1Br,1800.0,intermediate,659.586,7.759500000000003,1.0,2.0
45,CHEMBL186098,Oc1c(Br)cc(Br)c(Br)c1Oc1ccc(Br)cc1Br,5000.0,intermediate,580.69,6.9970000000000026,1.0,2.0
46,CHEMBL186099,COc1cc(Br)cc(Br)c1Oc1cc(Br)cc(Br)c1O,10000.0,inactive,531.8200000000002,6.243100000000003,1.0,3.0
47,CHEMBL150098,Oc1c(Br)cc(Br)cc1Oc1c(O)c(Br)c(Br)c(Br)c1Br,790.0,active,675.585,7.465100000000002,2.0,3.0
48,CHEMBL148503,Oc1c(Br)cc(Br)cc1Oc1c(Br)cc(Br)c(Br)c1O,2200.0,intermediate,596.6890000000001,6.702600000000003,2.0,3.0
49,CHEMBL187472,Oc1ccc(Br)cc1Oc1c(O)ccc(Br)c1Br,11000.0,inactive,438.89700000000005,5.177600000000003,2.0,3.0
50,CHEMBL185753,Oc1cc(Br)cc2c1Oc1cc(Br)cc(Br)c1O2,800.0,active,436.8810000000001,5.577700000000002,1.0,3.0
51,CHEMBL185828,Oc1cc(Br)c(Br)c2c1Oc1cc(Br)cc(Br)c1O2,900.0,active,515.777,6.340200000000002,1.0,3.0
52,CHEMBL184398,CC(C)(c1ccc(O)c(Br)c1)c1cc(Br)c(O)c(Br)c1,5000.0,intermediate,464.979,5.711200000000003,2.0,2.0
53,CHEMBL184450,CC(C)(c1cc(Br)c(O)c(Br)c1)c1cc(Br)c(O)c(Br)c1,4000.0,intermediate,543.875,6.4737000000000045,2.0,2.0
54,CHEMBL186752,O=C(N/C=C/c1ccc(O)c(Br)c1)/C(Cc1cc(Br)c(O)c(Oc2c(Br)cc(C/C(=N\O)C(=O)NCCc3ccc(O)c(Br)c3)cc2Br)c1)=N/O,2000.0,intermediate,1019.1299999999999,8.299600000000007,7.0,10.0
55,CHEMBL360190,O=C1N/C=C/c2ccc(c(Br)c2)Oc2cc(cc(Br)c2O)CCNC(=O)/C(=N/O)Cc2ccc(c(Br)c2)Oc2cc(cc(Br)c2O)C/C1=N\O,4000.0,intermediate,938.218,7.937200000000006,6.0,10.0
56,CHEMBL202034,Cc1c(Cl)cccc1NC(=O)CSCc1ccccc1,50000.0,inactive,305.83,4.520320000000003,1.0,2.0
57,CHEMBL202698,COc1ccccc1N1CCN(C(=O)CCCCC(=O)N2CCN(c3ccccc3OC)CC2)CC1,100000.0,inactive,494.6360000000003,3.2616000000000023,0.0,6.0
58,CHEMBL204926,CCOC(=O)C1CCN(CCC(=O)Nc2cc(C)cc(C)c2)CC1,100000.0,inactive,332.4440000000001,2.907140000000001,1.0,4.0
59,CHEMBL204917,O=C(CSc1nnc2ccc3ccccc3n12)NCCc1ccccc1,100000.0,inactive,362.45800000000014,3.3335000000000017,1.0,5.0
60,CHEMBL201368,Cc1ccc(CNC(=O)C(C)Oc2cccc(Cl)c2)cc1,100000.0,inactive,303.78900000000004,3.732120000000002,1.0,2.0
61,CHEMBL370583,CCOc1ccc(C(=O)Nc2ccccc2N2CCCC2)cc1Cl,50000.0,inactive,344.8420000000001,4.591200000000004,1.0,3.0
62,CHEMBL201969,Cc1cccc(C(=N)NOC(=O)c2ccc(C)cc2Cl)c1,6800.0,intermediate,302.76099999999997,3.643810000000002,2.0,3.0
63,CHEMBL202560,Cc1cc(Cl)ccc1OCC(=O)Nc1cc(C(C)C)ccc1O,200000.0,inactive,333.81500000000005,4.494920000000003,2.0,3.0
64,CHEMBL201191,CCOC(=O)c1ccccc1NC(=O)CCCc1ccccc1,50000.0,inactive,311.381,3.8247000000000027,1.0,3.0
65,CHEMBL378602,Nc1sc2c(c1C(=O)Nc1cccc(Cl)c1)CCCC2,18800.0,inactive,306.81800000000015,4.1148000000000025,2.0,3.0
66,CHEMBL202482,COc1ccccc1COc1cc(C)cc2oc(=O)cc(-c3ccccc3)c12,100000.0,inactive,372.4200000000001,5.356020000000004,0.0,4.0
67,CHEMBL201812,O=C(COc1ccccc1)NC(=S)Nc1ccc(Cc2ccncc2)cc1,100000.0,inactive,377.4690000000001,3.564400000000002,2.0,4.0
68,CHEMBL381149,CCc1cc(-c2[nH]ncc2Oc2ccccc2)c(O)cc1O,9200.0,intermediate,296.326,3.8426000000000013,3.0,4.0
69,CHEMBL202582,Cc1ccccc1C(=O)Nc1cccc(NC(=O)c2cccs2)c1,50000.0,inactive,336.416,4.5611200000000025,2.0,3.0
70,CHEMBL370234,CCCC(=O)Nc1ccc(Cl)c(NC(=O)c2cc3ccccc3o2)c1,100000.0,inactive,356.8090000000001,5.077100000000003,2.0,3.0
71,CHEMBL383552,COc1ccc(Cl)cc1NC(=O)c1oc2ccccc2c1C,100000.0,inactive,315.7560000000001,4.655520000000003,1.0,3.0
72,CHEMBL381113,COc1ccccc1C(=O)Nc1cccc(NC(=O)c2cccs2)c1,50000.0,inactive,352.4150000000001,4.261300000000003,2.0,4.0
73,CHEMBL202533,Cc1cc(CSc2ccccc2)ccc1NC(=O)c1ccccc1Cl,100000.0,inactive,367.9010000000002,6.193020000000003,1.0,2.0
74,CHEMBL202366,O=C(NCc1ccccc1)c1cccc(COc2ccc3c(c2)CCC3)c1,100000.0,inactive,357.45300000000015,4.684300000000004,1.0,2.0
75,CHEMBL383793,O=C(NCCc1ccccc1)c1cccc(C(=O)NCCc2ccccc2)n1,100000.0,inactive,373.45600000000013,3.026600000000001,2.0,3.0
76,CHEMBL608,CC(C)(Sc1cc(C(C)(C)C)c(O)c(C(C)(C)C)c1)Sc1cc(C(C)(C)C)c(O)c(C(C)(C)C)c1,14000.0,inactive,516.8570000000003,9.908299999999995,2.0,4.0
77,CHEMBL104500,CC(C)(Sc1cc(C(C)(C)C)c(OCC(=O)O)c(C(C)(C)C)c1)Sc1ccc(C(C)(C)C)c(OCC(=O)O)c1C(C)(C)C,125000.0,inactive,632.9290000000001,9.423900000000003,2.0,6.0
78,CHEMBL222911,CC(C)(Sc1cc(C(C)(C)C)c(O)c(C(C)(C)C)c1)Sc1ccc(C(C)(C)C)c(OC[C@@H](O)[C@@H](O)[C@H](O)[C@@H](O)CO)c1C(C)(C)C,12000.0,inactive,681.0140000000002,7.0174000000000145,6.0,9.0
79,CHEMBL414731,CC(C)(Sc1cc(C(C)(C)C)c(O)c(C(C)(C)C)c1)Sc1ccc(C(C)(C)C)c(OC[C@H]2OC(O)[C@H](O)[C@@H](O)[C@@H]2O)c1C(C)(C)C,10000.0,inactive,678.9980000000004,7.381400000000014,5.0,9.0
80,CHEMBL1162945,CC(C)(Sc1cc(C(C)(C)C)c(O)c(C(C)(C)C)c1)Sc1ccc(C(C)(C)C)c(OC[C@@H](O)[C@H](O)CO)c1C(C)(C)C,15000.0,inactive,620.9620000000001,8.295600000000011,4.0,7.0
81,CHEMBL221679,CC(C)(Sc1cc(C(C)(C)C)c(O)c(C(C)(C)C)c1)Sc1ccc(C(C)(C)C)c(OC[C@H](O)[C@@H](O)CO)c1C(C)(C)C,17000.0,inactive,620.9620000000001,8.295600000000011,4.0,7.0
82,CHEMBL323197,COc1c(O)cc2oc3cc(O)c(CC=C(C)C)c(O)c3c(=O)c2c1CC=C(C)C,3100.0,intermediate,410.46600000000024,5.089000000000003,3.0,6.0
83,CHEMBL392270,C[C@H](c1nccs1)N(C)C(=O)[C@H](C[C@H](C)C(Cl)(Cl)Cl)NC(=O)C[C@H](C)C(Cl)(Cl)Cl,500000.0,inactive,546.1750000000001,5.940100000000005,1.0,4.0
84,CHEMBL397803,COc1cc(C)cc2c(-c3c(O)cc(O)c4c3C[C@@H](C)N[C@@H]4C)cc(-c3ccc4c(-c5c(O)cc(O)c6c5C[C@@H](C)N[C@@H]6C)c(C)cc(OC)c4c3O)c(O)c12,7600.0,intermediate,756.8960000000001,9.052040000000003,8.0,10.0
85,CHEMBL222808,O=C(O)c1cc(C(=O)C(=O)c2cc(C(=O)O)c(O)c3ccccc23)c2ccccc2c1O,25000.0,inactive,430.3680000000001,3.8662000000000014,4.0,6.0
86,CHEMBL238624,Oc1c(Cl)cc(C(c2cc(Cl)c(O)c(Cl)c2)C(c2cc(Cl)c(O)c(Cl)c2)c2cc(Cl)c(O)c(Cl)c2)cc1Cl,9400.0,intermediate,674.018,10.700199999999993,4.0,4.0
87,CHEMBL246361,Oc1cc2c(cc1O)C(c1ccccc1)CCC2,38600.0,inactive,240.30199999999996,3.5660000000000016,2.0,2.0
88,CHEMBL245952,Oc1ccc(CCCCc2ccc(O)c(O)c2)cc1O,3900.0,intermediate,274.31600000000003,3.074400000000003,4.0,4.0
89,CHEMBL245547,COc1ccc(CCCCc2ccc(O)c(O)c2)cc1,15000.0,inactive,272.344,3.671800000000003,2.0,3.0
90,CHEMBL245349,Oc1ccc(CCCCc2ccc(Cl)c(Cl)c2)cc1O,33600.0,inactive,311.2080000000001,4.970000000000003,2.0,2.0
91,CHEMBL392589,Oc1ccc(CCCCc2ccc(Cl)cc2)cc1O,15000.0,inactive,276.76300000000003,4.316600000000004,2.0,2.0
92,CHEMBL263104,Oc1ccc(CCCCc2ccc(O)c(O)c2)cc1,9400.0,intermediate,258.317,3.368800000000003,3.0,3.0
93,CHEMBL245942,Cc1ccc(CCCCc2ccc(O)c(O)c2)cc1,21600.0,inactive,256.345,3.9716200000000033,2.0,2.0
94,CHEMBL442420,Oc1ccc(CCCCc2ccccc2)cc1O,7300.0,intermediate,242.31800000000004,3.663200000000003,2.0,2.0
95,CHEMBL50,O=c1c(O)c(-c2ccc(O)c(O)c2)oc2cc(O)cc(O)c12,2200.0,intermediate,302.23800000000006,1.988,5.0,7.0
96,CHEMBL239053,COc1ccc(C2COc3c(ccc(O)c3O)C2)cc1OC,100000.0,inactive,302.326,2.833700000000002,2.0,5.0
97,CHEMBL239032,O=C1c2cc(O)c(O)cc2OCC1c1ccc(O)cc1,100000.0,inactive,272.256,2.1622999999999992,3.0,5.0
98,CHEMBL239030,O=c1c(-c2ccc3c(c2)OCO3)coc2cc(O)c(O)cc12,100000.0,inactive,298.25,2.5999000000000008,2.0,6.0
99,CHEMBL238821,O=c1c(-c2ccc([N+](=O)[O-])c(O)c2)coc2cc(O)c(O)cc12,100000.0,inactive,315.237,2.4850000000000003,3.0,7.0
100,CHEMBL239028,COc1ccc(-c2coc3cc(O)c(O)cc3c2=O)cc1,100000.0,inactive,284.267,2.879800000000002,2.0,5.0
101,CHEMBL241794,CCCCCc1oc2ccccc2c(=O)c1O,100000.0,inactive,232.279,3.2313000000000023,1.0,3.0
102,CHEMBL239023,CC(C)(C)c1oc2ccccc2c(=O)c1O,100000.0,inactive,218.25199999999998,2.7961000000000014,1.0,3.0
103,CHEMBL239022,CC(C)Cc1oc2ccccc2c(=O)c1O,100000.0,inactive,218.25199999999998,2.697100000000001,1.0,3.0
104,CHEMBL394258,CC(C)c1oc2ccccc2c(=O)c1O,100000.0,inactive,204.22499999999997,2.622000000000001,1.0,3.0
105,CHEMBL238816,CCCc1oc2ccccc2c(=O)c1O,100000.0,inactive,204.22499999999997,2.4511000000000007,1.0,3.0
106,CHEMBL238815,CCc1oc2ccccc2c(=O)c1O,100000.0,inactive,190.19799999999995,2.0610000000000004,1.0,3.0
107,CHEMBL238814,O=c1cc(-c2ccccc2)oc2cc3c(cc12)OCO3,100000.0,inactive,266.25199999999995,3.1887000000000016,0.0,4.0
108,CHEMBL238813,CC(C)Cc1cc(=O)c2cc3c(cc2o1)OCO3,100000.0,inactive,246.26199999999994,2.720200000000001,0.0,4.0
109,CHEMBL238812,CC(C)(C)c1cc(=O)c2cc3c(cc2o1)OCO3,100000.0,inactive,246.26199999999994,2.8192000000000004,0.0,4.0
110,CHEMBL241366,CCCCCc1cc(=O)c2ccc(O)cc2o1,100000.0,inactive,232.279,3.231300000000002,1.0,3.0
111,CHEMBL241365,CC(C)(C)c1cc(=O)c2ccc(O)cc2o1,100000.0,inactive,218.25199999999998,2.796100000000001,1.0,3.0
112,CHEMBL396673,CC(C)Cc1cc(=O)c2ccc(O)cc2o1,100000.0,inactive,218.25199999999998,2.6971000000000007,1.0,3.0
113,CHEMBL241364,CC(C)c1cc(=O)c2ccc(O)cc2o1,100000.0,inactive,204.22499999999997,2.6220000000000008,1.0,3.0
114,CHEMBL241363,CCCc1cc(=O)c2ccc(O)cc2o1,100000.0,inactive,204.22499999999997,2.4511000000000003,1.0,3.0
115,CHEMBL147999,CC(C)(C)c1cc(=O)c2cc(O)ccc2o1,100000.0,inactive,218.25199999999998,2.796100000000001,1.0,3.0
116,CHEMBL395115,CC(C)Cc1cc(=O)c2cc(O)ccc2o1,100000.0,inactive,218.25199999999998,2.6971000000000007,1.0,3.0
117,CHEMBL240713,CC(C)c1cc(=O)c2cc(O)ccc2o1,100000.0,inactive,204.22499999999997,2.6220000000000008,1.0,3.0
118,CHEMBL240505,CCCc1cc(=O)c2cc(O)ccc2o1,100000.0,inactive,204.22499999999997,2.4511000000000003,1.0,3.0
119,CHEMBL394459,CCc1cc(=O)c2cc(O)ccc2o1,100000.0,inactive,190.19799999999998,2.061,1.0,3.0
120,CHEMBL210276,O=c1c(O)c(-c2ccccc2)oc2cc(O)ccc12,100000.0,inactive,254.24099999999999,2.871200000000001,2.0,4.0
121,CHEMBL210411,O=c1c(O)c(-c2ccccc2)oc2ccc(O)cc12,100000.0,inactive,254.24099999999999,2.871200000000001,2.0,4.0
122,CHEMBL276915,O=c1cc(-c2ccccc2)oc2cc(O)ccc12,100000.0,inactive,238.242,3.1656000000000013,1.0,3.0
123,CHEMBL138649,O=c1cc(-c2ccccc2)oc2ccc(O)cc12,100000.0,inactive,238.242,3.1656000000000013,1.0,3.0
124,CHEMBL391342,Cc1ccc(C2COc3c(ccc(O)c3O)C2)cc1,3700.0,intermediate,256.301,3.124920000000002,2.0,3.0
125,CHEMBL391341,COc1ccc(C2COc3c(ccc(O)c3O)C2)cc1,5700.0,intermediate,272.29999999999995,2.8251000000000017,2.0,4.0
126,CHEMBL238844,O=c1c(-c2cccc(C(F)(F)F)c2)coc2c(O)c(O)ccc12,8300.0,intermediate,322.238,3.8900000000000015,2.0,4.0
127,CHEMBL238843,Cc1cccc(-c2coc3c(O)c(O)ccc3c2=O)c1,11000.0,inactive,268.268,3.1796200000000017,2.0,4.0
128,CHEMBL241815,O=c1c(-c2cccc(Cl)c2)coc2c(O)c(O)ccc12,6200.0,intermediate,288.686,3.5246000000000013,2.0,4.0
129,CHEMBL241814,O=c1c(-c2ccc(Cl)cc2)coc2c(O)c(O)ccc12,9000.0,intermediate,288.68600000000004,3.5246000000000013,2.0,4.0
130,CHEMBL241813,O=c1c(-c2ccccc2)coc2c(O)c(O)ccc12,13000.0,inactive,254.24099999999996,2.871200000000001,2.0,4.0
131,CHEMBL395449,Cc1ccc(-c2coc3c(O)c(O)ccc3c2=O)cc1,7800.0,intermediate,268.268,3.1796200000000026,2.0,4.0
132,CHEMBL239893,Cc1cccc(C2COc3cc(O)c(O)cc3C2)c1,210.0,active,256.301,3.124920000000002,2.0,3.0
133,CHEMBL239677,Oc1cc2c(cc1O)OCC(c1ccc3c(c1)OCO3)C2,350.0,active,286.283,2.5452000000000004,2.0,5.0
134,CHEMBL8328,Oc1ccc(C2COc3cc(O)c(O)cc3C2)cc1,510.0,active,258.27299999999997,2.522100000000001,3.0,4.0
135,CHEMBL239247,COc1ccc(C2COc3cc(O)c(O)cc3C2)cc1,150.0,active,272.29999999999995,2.8251000000000017,2.0,4.0
136,CHEMBL239033,Cc1cccc(C2COc3cc(O)c(O)cc3C2=O)c1,210.0,active,270.284,2.7651200000000014,2.0,4.0
137,CHEMBL239031,COc1ccc(C2COc3cc(O)c(O)cc3C2=O)cc1,19000.0,inactive,286.283,2.465300000000001,2.0,5.0
138,CHEMBL239156,O=c1c(-c2ccc(O)cc2)coc2cc(O)c(O)cc12,49000.0,inactive,270.24,2.5768000000000013,3.0,5.0
139,CHEMBL394257,CC(C)(C)c1cc(=O)c2cc(O)c(O)cc2o1,18000.0,inactive,234.25099999999998,2.5017000000000014,2.0,4.0
140,CHEMBL395346,CCCCCc1cc(=O)c2cc(O)ccc2o1,38000.0,inactive,232.279,3.231300000000002,1.0,3.0
141,CHEMBL239276,O=c1c(O)c(-c2ccccc2)oc2cccc(O)c12,3300.0,intermediate,254.24099999999999,2.8712000000000013,2.0,4.0
142,CHEMBL294009,O=c1c(O)c(-c2ccccc2)oc2ccccc12,73000.0,inactive,238.242,3.1656000000000013,1.0,3.0
143,CHEMBL8260,O=c1cc(-c2ccccc2)oc2cc(O)c(O)c(O)c12,9100.0,intermediate,270.24,2.576800000000001,3.0,5.0
144,CHEMBL31574,O=c1c(O)c(-c2ccc(O)c(O)c2)oc2cc(O)ccc12,1400.0,intermediate,286.23900000000003,2.282400000000001,4.0,6.0
145,CHEMBL258224,Oc1cc(Br)cc(Br)c1Oc1ccc(Br)cc1Br,15000.0,inactive,501.7940000000001,6.234500000000002,1.0,2.0
146,CHEMBL464577,Oc1cc(Br)c(Br)c(Br)c1Oc1ccc(Br)cc1Br,7400.0,intermediate,580.69,6.997000000000003,1.0,2.0
147,CHEMBL462942,Oc1c(Oc2ccc(Br)cc2Br)cc(Br)c(Br)c1Br,7400.0,intermediate,580.69,6.9970000000000026,1.0,2.0
148,CHEMBL465615,CO[C@H]1C[C@]2(O)C(=O)C=C3O[C@@]4(C)CC[C@H]5C(C)(C)CCC[C@]5(C)[C@H]4C=C3[C@@H]2O1,59000.0,inactive,402.5310000000002,3.903400000000003,1.0,5.0
149,CHEMBL103600,COc1ccc(C[C@@H](C)[C@@H](C)Cc2ccc(OC)c(O)c2)cc1O,580.0,active,330.42400000000004,4.172400000000005,2.0,4.0
150,CHEMBL442427,CC1=CCCC(C)(C)C1CC/C(C)=C/CCC(CO)CCCc1ccoc1,17000.0,inactive,372.59300000000013,7.1000000000000085,1.0,2.0
151,CHEMBL455880,C[C@@]12CCC(=O)c3coc(c31)C(=O)c1cc3c(O)ccc(OS(=O)(=O)[O-])c3cc12,200000.0,inactive,413.38300000000015,2.8043000000000005,1.0,8.0
152,CHEMBL230058,CC1=CC[C@H]2C(C)(C)CCC[C@]2(C)[C@H]1C[C@@H](O)[C@H](C)CCC/C(C)=C/Cc1cc(O)ccc1O,500.0,active,468.7220000000003,7.942800000000007,3.0,3.0
153,CHEMBL387584,CC1=CC[C@H]2C(C)(C)CCC[C@]2(C)[C@H]1C[C@@H](OS(=O)(=O)[O-])[C@H](C)CCC/C(C)=C/Cc1cc(O)ccc1O,900.0,active,547.7780000000004,7.4273000000000104,2.0,6.0
154,CHEMBL457171,CC1(C)CCC[C@@]2(C)C3=C(CC[C@H]12)C/C(=C\Cc1cc(C(=O)O)ccc1O)CC3,14500.0,inactive,394.5550000000001,6.666200000000007,2.0,2.0
155,CHEMBL180947,CC(C)=CCC[C@@]1(C)CCC[C@]2(C)[C@@H](Cc3cc(C(=O)O)ccc3O)C(C)=CC[C@@H]12,1400.0,intermediate,410.5980000000001,7.158200000000007,2.0,2.0
156,CHEMBL425166,CC1=C(CC/C(C)=C/CC/C(C)=C/Cc2cc(O)ccc2O)C(C)(C)CCC1,300.0,active,382.5880000000002,7.619900000000008,2.0,2.0
157,CHEMBL463806,COc1cc2c(cc1O)O[C@@]1(C)CC[C@H]3C(C)(C)CCC[C@]3(C)C1=C2,1000.0,active,342.47900000000016,5.561700000000005,1.0,3.0
158,CHEMBL459185,COc1cc2c(cc1O)O[C@@]1(C)CC[C@H]3C(C)(C)CCC[C@]3(C)[C@H]1[C@@H]2OC,7200.0,intermediate,374.5210000000002,5.4820000000000055,1.0,4.0
159,CHEMBL463805,COC1=CC2=C[C@@H]3[C@@]4(C)CCCC(C)(C)[C@@H]4CC[C@]3(C)OC2=CC1=O,1700.0,intermediate,342.47900000000004,4.941200000000005,0.0,3.0
160,CHEMBL465616,CC1(C)CCC[C@]2(C)[C@H]3C=C4C(=CC(=O)C(O)=C4Cl)O[C@@]3(C)CC[C@@H]12,830.0,active,362.89700000000016,5.419300000000005,1.0,3.0
161,CHEMBL157844,CC1(C)CCC[C@]2(C)[C@H]3C=C4C=C(O)C(=O)C=C4O[C@@]3(C)CC[C@@H]12,760.0,active,328.45200000000017,4.852800000000005,1.0,3.0
162,CHEMBL505073,CN1C(N)=N[C@]23CCCN2C(=O)c2cc(Br)c(Br)n2[C@H]13,48000.0,inactive,403.078,1.7176999999999998,1.0,5.0
163,CHEMBL1163875,CC1(C)CCC[C@]2(C)C3=CC4=CC(=O)C(=O)C=C4O[C@@]3(C)CC[C@@H]12,7000.0,intermediate,326.43600000000015,4.290200000000004,0.0,3.0
164,CHEMBL1164369,CC(C)=CCC[C@@]1(C)CCC[C@]2(C)[C@H](Cc3cc(C(=O)O)ccc3O)C(C)=CC[C@@H]12,16000.0,inactive,410.5980000000001,7.158200000000007,2.0,2.0
165,CHEMBL1164975,C[C@@H](c1cc2ccccc2s1)N(O)C(N)=O,,intermediate,236.29599999999996,2.7321999999999997,2.0,3.0
166,CHEMBL1165577,CC1(C)CCC[C@]2(C)[C@H]3C=C4C(=CC(=O)[C@@H]4O)O[C@@]3(C)CC[C@@H]12,150000.0,inactive,316.44100000000014,3.7718000000000025,1.0,3.0
167,CHEMBL1165243,CC1(C)CCC[C@]2(C)[C@H]3C(=O)c4c(cccc4C(=O)O)O[C@@]3(C)CC[C@@H]12,150000.0,inactive,356.46200000000016,4.961200000000004,1.0,3.0
168,CHEMBL1270217,O=C(OCC#CCSc1nnc(-c2cccc3ccccc23)o1)c1cccs1,19.0,active,406.4880000000001,4.903800000000003,0.0,7.0
169,CHEMBL1270312,O=C(OCC#CCSc1nnc(-c2cccc3ccccc23)o1)c1ccsc1,10.0,active,406.4880000000001,4.903800000000003,0.0,7.0
170,CHEMBL1270810,O=C(OCC#CCSc1nnc(-c2cccc3ccccc23)o1)c1cc2ccccc2s1,10.0,active,456.5480000000002,6.057000000000004,0.0,7.0
171,CHEMBL1271011,O=C(OCC#CCSc1nnc(-c2cccc3ccccc23)o1)c1ccccc1,10.0,active,400.4590000000001,4.842300000000003,0.0,6.0
172,CHEMBL1271116,O=C(OCC#CCSc1nnc(-c2cccc3ccccc23)o1)c1cccc(F)c1,10.0,active,418.4490000000001,4.981400000000003,0.0,6.0
173,CHEMBL1271220,O=C(OCC#CCSc1nnc(-c2cccc3ccccc23)o1)c1ccc(F)c(F)c1,10.0,active,436.43900000000014,5.1205000000000025,0.0,6.0
174,CHEMBL1270113,O=C(OCC#CCSc1nnc(-c2cccc3ccccc23)o1)c1ccc(OC(F)(F)F)cc1,10.0,active,484.45500000000015,5.740900000000003,0.0,7.0
175,CHEMBL1270220,O=C(OCC#CCSc1nnc(-c2cccc3ccccc23)o1)c1ccc(C(F)(F)F)cc1,10.0,active,468.45600000000013,5.861100000000003,0.0,6.0
176,CHEMBL1270314,O=C(OCC#CCSc1nnc(-c2ccc3ccccc3c2)o1)c1ccc(F)cc1,10.0,active,418.4490000000001,4.981400000000003,0.0,6.0
177,CHEMBL1270608,O=C(OCC#CCSc1nnc(-c2ccc(Cl)cc2)o1)c1ccc(F)cc1,10.0,active,402.8340000000001,4.481600000000003,0.0,6.0
178,CHEMBL1289558,CC[C@](O)(c1cn(Cc2ccc3c(-c4ccc(F)cc4)c(C(N)=O)sc3c2)nn1)C(F)(F)F,20000.0,inactive,478.4710000000001,4.6060000000000025,2.0,6.0
179,CHEMBL1796851,CCN([C@@H]1CCN(C(C)c2ccc(F)cc2)C1)S(=O)(=O)NCCc1c(-c2cccs2)n[nH]c1-c1cnccn1,51.0,active,569.7320000000002,4.268600000000003,2.0,7.0
180,CHEMBL1200596,Oc1c(Cl)cc(Cl)c2cccnc12,2400.0,intermediate,214.051,3.2472000000000003,1.0,2.0
181,CHEMBL1369893,CCC(=O)NC(c1cccs1)c1cc([N+](=O)[O-])c2cccnc2c1O,25000.0,inactive,357.3910000000001,3.525700000000002,2.0,6.0
182,CHEMBL528045,CC(=O)NC(c1cccs1)c1cc(Cl)c2cccnc2c1O,25000.0,inactive,332.812,3.880800000000003,2.0,4.0
183,CHEMBL1573436,CC(=O)NC(c1cccs1)c1cc(Br)c2cccnc2c1O,100000.0,inactive,377.2630000000001,3.9899000000000027,2.0,4.0
184,CHEMBL1370513,CCC(=O)NC(c1cccs1)c1ccc2cccnc2c1O,50000.0,inactive,312.39400000000006,3.617500000000002,2.0,4.0
185,CHEMBL580727,CCC(=O)NC(c1ccco1)c1cc(Cl)c2cccnc2c1O,50000.0,inactive,330.771,3.8024000000000027,2.0,4.0
186,CHEMBL1405150,CCC(=O)NC(c1cccs1)c1cc(Cl)c2cccnc2c1O,50000.0,inactive,346.83900000000006,4.270900000000004,2.0,4.0
187,CHEMBL1830338,CC(C)(C)c1ccc(CN2CCN(C(=O)CCc3cc(-c4ccc(F)cc4)n(-c4ccc(Cl)nn4)n3)CC2)cc1,10000.0,inactive,561.105,5.696300000000005,0.0,6.0
188,CHEMBL1830459,CCOC(=O)C1CCN(C(=O)CCc2cc(-c3ccc(C(F)(F)F)cc3)n(-c3ccc(Cl)nn3)n2)CC1,10000.0,inactive,535.954,4.735800000000004,0.0,7.0
189,CHEMBL1830468,Cc1ccc(-c2cc(CCC(=O)N3CCN(Cc4ccc(C(C)(C)C)cc4)CC3)nn2-c2ccccc2)cc1,10000.0,inactive,520.7210000000002,6.4222200000000065,0.0,4.0
190,CHEMBL1830471,Cc1ccc(-c2cc(CCC(=O)N3CCN(Cc4ccc(C(C)(C)C)cc4)CC3)nn2-c2ccc3ccccc3n2)cc1,10000.0,inactive,571.7690000000002,6.970420000000008,0.0,5.0
191,CHEMBL1830477,CCOC(=O)C1CCN(C(=O)CCc2cc(-c3ccc(C)cc3)n(-c3ccccc3)n2)CC1,10000.0,inactive,445.56300000000016,4.582020000000004,0.0,5.0
192,CHEMBL1830478,Cc1ccc(-c2cc(CCC(=O)Oc3ccc(C(C)C)cc3)nn2-c2ccccc2)cc1,10000.0,inactive,424.5440000000001,6.509320000000006,0.0,4.0
193,CHEMBL1830479,CCOC(=O)C1CCN(C(=O)CCc2cc(-c3ccc(C)cc3)n(-c3ccc4ccccc4n3)n2)CC1,10000.0,inactive,496.6110000000002,5.130220000000005,0.0,6.0
194,CHEMBL1830480,Cc1ccc(-c2cc(CCC(=O)Oc3ccc(C(C)C)cc3)nn2-c2ccc3ccccc3n2)cc1,10000.0,inactive,475.59200000000016,7.0575200000000065,0.0,5.0
195,CHEMBL2086412,CC(C)=CCC/C(C)=C/COc1cc2ccccc2oc1=O,100000.0,inactive,298.38200000000006,4.864500000000005,0.0,3.0
196,CHEMBL2088230,CC(C)=CCC/C(C)=C/COc1cc(=O)oc2ccccc12,42600.0,inactive,298.382,4.864500000000004,0.0,3.0
197,CHEMBL2088231,CC(C)=CCC/C(C)=C/COc1cccc2oc(=O)ccc12,12800.0,inactive,298.382,4.864500000000004,0.0,3.0
198,CHEMBL2088232,CC(C)=CCC/C(C)=C/COc1ccc2oc(=O)ccc2c1,6800.0,intermediate,298.382,4.864500000000005,0.0,3.0
199,CHEMBL307341,CC(C)=CCC/C(C)=C/COc1ccc2ccc(=O)oc2c1,23900.0,inactive,298.38200000000006,4.864500000000005,0.0,3.0
200,CHEMBL2088233,CC(C)=CCC/C(C)=C/COc1cccc2ccc(=O)oc12,39500.0,inactive,298.38200000000006,4.864500000000005,0.0,3.0
201,CHEMBL1834532,CC(C)=CCC/C(C)=C/CC/C(C)=C/COc1cc2ccccc2oc1=O,50000.0,inactive,366.5010000000001,6.591000000000007,0.0,3.0
202,CHEMBL177085,CC(C)=CCC/C(C)=C/CC/C(C)=C/COc1cc(=O)oc2ccccc12,28800.0,inactive,366.5010000000001,6.591000000000007,0.0,3.0
203,CHEMBL2088234,CC(C)=CCC/C(C)=C/CC/C(C)=C/COc1cccc2oc(=O)ccc12,3600.0,intermediate,366.5010000000001,6.591000000000006,0.0,3.0
204,CHEMBL2088235,CC(C)=CCC/C(C)=C/CC/C(C)=C/COc1ccc2oc(=O)ccc2c1,1300.0,intermediate,366.5010000000001,6.591000000000006,0.0,3.0
205,CHEMBL156127,CC(C)=CCC/C(C)=C/CC/C(C)=C/COc1ccc2ccc(=O)oc2c1,16700.0,inactive,366.5010000000001,6.591000000000006,0.0,3.0
206,CHEMBL2088236,CC(C)=CCC/C(C)=C/CC/C(C)=C/COc1cccc2ccc(=O)oc12,15600.0,inactive,366.5010000000001,6.591000000000006,0.0,3.0
207,CHEMBL2088237,CC(C)=CCC/C(C)=C/CC/C(C)=C/COc1ccccc1,50000.0,inactive,298.46999999999997,6.484600000000007,0.0,1.0
208,CHEMBL3109726,O=C(Cc1ccc2ccccc2c1)c1ccc(O)cc1O,10000.0,inactive,278.307,3.6764000000000014,2.0,3.0
209,CHEMBL3109724,Oc1ccc(-c2cccc3c2Sc2ccccc2S3)c(O)c1,10000.0,inactive,324.42600000000004,5.380600000000003,2.0,4.0
210,CHEMBL443605,CCCCCCc1ccc(O)cc1O,10000.0,inactive,194.274,3.2206000000000023,2.0,2.0
211,CHEMBL3109722,Oc1ccc(Cc2ccc3ccccc3c2)c(O)c1,10000.0,inactive,250.29700000000003,3.841800000000002,2.0,2.0
212,CHEMBL501426,Oc1ccc(-c2ccccc2)c(O)c1,10000.0,inactive,186.21,2.764800000000001,2.0,2.0
213,CHEMBL3109718,CCCCCCC1=CC(=O)C(O)=CC1=O,10000.0,inactive,208.25699999999998,2.4769000000000005,1.0,3.0
214,CHEMBL1668217,O=C1C=C(Cc2ccc3ccccc3c2)C(=O)C=C1O,10000.0,inactive,264.28,2.902400000000001,1.0,3.0
215,CHEMBL3109730,O=C1C=C(O)C(=O)C(CC2CCC3CCCCC3C2)=C1O,10000.0,inactive,290.359,3.3888000000000016,2.0,4.0
216,CHEMBL1596118,COc1cccc(CNc2ccc(S(=O)(=O)Nc3nccs3)cc2)c1O,50000.0,inactive,391.4740000000001,3.270200000000002,3.0,7.0
217,CHEMBL3113201,O=S(=O)(Nc1nc2ccccc2s1)c1ccc(NCc2cccc(Cl)c2O)cc1,1300.0,intermediate,445.9530000000002,5.068200000000003,3.0,6.0
218,CHEMBL3113198,COc1cccc(CNc2ccc(S(=O)(=O)Nc3nc4ccc(F)cc4s3)cc2)c1O,4500.0,intermediate,459.52400000000017,4.5625000000000036,3.0,7.0
219,CHEMBL3113197,COc1cccc(CNc2ccc(S(=O)(=O)Nc3cccc(C(C)C)c3)cc2)c1O,100000.0,inactive,426.5380000000002,4.937100000000005,3.0,5.0
220,CHEMBL3113192,COc1ccc2nc(NS(=O)(=O)c3ccc(NCc4cccc(OC)c4O)cc3)sc2c1,5100.0,intermediate,471.56000000000023,4.432000000000004,3.0,8.0
221,CHEMBL3113178,COc1cccc(CNc2ccc(S(=O)(=O)Nc3ccccc3)cc2)c1O,7600.0,intermediate,384.4570000000001,3.813700000000002,3.0,5.0
222,CHEMBL3113169,COc1cccc(CNc2ccc(S(=O)(=O)Nc3nc4c(C)cccc4s3)cc2)c1O,690.0,active,455.5610000000002,4.7318200000000035,3.0,7.0
223,CHEMBL3113167,COc1cccc(CNc2ccc(S(=O)(=O)Nc3nc4ccccc4[nH]3)cc2)c1O,70000.0,inactive,424.48200000000014,3.6900000000000017,4.0,6.0
224,CHEMBL3113166,COc1cccc(CNc2ccc(S(=O)(=O)Nc3nc4ccccc4o3)cc2)c1O,100000.0,inactive,425.4660000000002,3.9549000000000025,3.0,7.0
225,CHEMBL3113165,COc1cccc(CNc2ccc(S(=O)(=O)Nc3nc4ccccc4s3)cc2)c1O,9700.0,intermediate,441.53400000000016,4.4234000000000036,3.0,7.0
226,CHEMBL1548353,CNc1oc(-c2cccc3ccccc23)nc1C#N,200.0,active,249.273,3.4081800000000015,1.0,4.0
227,CHEMBL3262905,CNc1oc(-c2cccc3ncccc23)nc1C#N,3600.0,intermediate,250.261,2.8031800000000002,1.0,5.0
228,CHEMBL3262906,CNc1oc(-c2ccc3cnccc3c2)nc1C#N,730.0,active,250.261,2.8031800000000002,1.0,5.0
229,CHEMBL3262907,CNc1oc(-c2cccc3nccnc23)nc1C#N,40000.0,inactive,251.249,2.19818,1.0,6.0
230,CHEMBL3262908,CNc1oc(-c2cccc(Cl)c2Cl)nc1C#N,460.0,active,268.10299999999995,3.5617800000000006,1.0,4.0
231,CHEMBL3262909,CNc1oc(-c2ccc(Cl)c(Cl)c2)nc1C#N,810.0,active,268.10299999999995,3.5617800000000015,1.0,4.0
232,CHEMBL3262910,CNc1oc(-c2ccc3c(c2)OCCO3)nc1C#N,40000.0,inactive,257.2489999999999,2.0261799999999996,1.0,6.0
233,CHEMBL3262911,CNc1oc(-c2ccc3c(c2)OCO3)nc1C#N,7600.0,intermediate,243.22199999999995,1.9836799999999997,1.0,6.0
234,CHEMBL3262912,CNc1oc(-c2ccc(-c3ccccc3)cc2)nc1C#N,40000.0,inactive,275.31100000000004,3.9219800000000022,1.0,4.0
235,CHEMBL3262913,CNc1oc(-c2ccccc2-c2ccccc2)nc1C#N,23000.0,inactive,275.31100000000004,3.921980000000003,1.0,4.0
236,CHEMBL3262914,CNc1oc(-c2ccc3cc[nH]c3c2)nc1C#N,40000.0,inactive,238.25,2.73628,2.0,4.0
237,CHEMBL3262915,CNc1oc(-c2c[nH]c3ccccc23)nc1C#N,3900.0,intermediate,238.25,2.7362800000000007,2.0,4.0
238,CHEMBL1547372,CNc1oc(-c2ccc(Cl)cc2)nc1C#N,25000.0,inactive,233.658,2.908380000000001,1.0,4.0
239,CHEMBL3262916,CNc1oc(-c2cccc(Cl)c2)nc1C#N,6300.0,intermediate,233.658,2.908380000000001,1.0,4.0
240,CHEMBL3262917,CNc1oc(-c2ccc(F)cc2)nc1C#N,15000.0,inactive,217.20299999999997,2.3940800000000007,1.0,4.0
241,CHEMBL3262918,CNc1oc(C2CCCC2)nc1C#N,50000.0,inactive,191.23399999999998,2.2455800000000004,1.0,4.0
242,CHEMBL1551303,N#Cc1nc(-c2cccc3ccccc23)oc1N,25000.0,inactive,235.24599999999998,2.9486800000000004,1.0,4.0
243,CHEMBL1571456,CCNc1oc(-c2cccc3ccccc23)nc1C#N,120.0,active,263.29999999999995,3.798280000000002,1.0,4.0
244,CHEMBL1498973,CCCNc1oc(-c2cccc3ccccc23)nc1C#N,100.0,active,277.327,4.188380000000002,1.0,4.0
245,CHEMBL3262919,CCCCNc1oc(-c2cccc3ccccc23)nc1C#N,120.0,active,291.35400000000004,4.578480000000003,1.0,4.0
246,CHEMBL3262920,CCCCCNc1oc(-c2cccc3ccccc23)nc1C#N,300.0,active,305.3810000000001,4.968580000000004,1.0,4.0
247,CHEMBL1588672,C=CCNc1oc(-c2cccc3ccccc23)nc1C#N,3000.0,intermediate,275.31100000000004,3.964380000000002,1.0,4.0
248,CHEMBL1605218,CC(C)Nc1oc(-c2cccc3ccccc23)nc1C#N,40000.0,inactive,277.327,4.186780000000002,1.0,4.0
249,CHEMBL1520057,CC(=O)Nc1oc(-c2cccc3ccccc23)nc1C#N,10000.0,inactive,277.283,3.324880000000001,1.0,4.0
250,CHEMBL3262923,N#Cc1nc(-c2cccc3ccccc23)oc1NC1COC1,25000.0,inactive,291.3100000000001,3.177180000000001,1.0,5.0
251,CHEMBL3262924,N#Cc1nc(-c2cccc3ccccc23)oc1NC1CNC1,40000.0,inactive,290.3260000000001,2.7501800000000003,2.0,5.0
252,CHEMBL3262925,CNc1sc(-c2cccc3ccccc23)nc1C#N,550.0,active,265.341,3.876680000000002,1.0,4.0
253,CHEMBL3262926,CNc1ncc(-c2cccc3ccccc23)o1,40000.0,inactive,224.26299999999998,3.536500000000002,1.0,3.0
254,CHEMBL3259851,CNc1nc(C#N)c(-c2cccc3ccccc23)o1,40000.0,inactive,249.27300000000002,3.4081800000000015,1.0,4.0
255,CHEMBL3262927,CNc1nnc(-c2cccc3ccccc23)o1,5400.0,intermediate,225.251,2.9315000000000007,1.0,4.0
256,CHEMBL3262928,CNc1nnc(-c2cccc3ccccc23)s1,40000.0,inactive,241.31900000000002,3.4000000000000012,1.0,4.0
257,CHEMBL3262929,CNc1oc(-c2cccc3ccccc23)nc1C(=O)OC,40000.0,inactive,282.29900000000004,3.323100000000002,1.0,5.0
258,CHEMBL3262931,CNc1nc(-c2cccc3ccccc23)ccc1C#N,40000.0,inactive,259.31199999999995,3.8151800000000025,1.0,3.0
259,CHEMBL3262932,CNc1nccc(-c2cccc3ccccc23)n1,40000.0,inactive,235.29,3.3385000000000016,1.0,3.0
260,CHEMBL3262903,CNc1oc(-c2ccc3ccccc3c2)nc1C#N,30000.0,inactive,249.273,3.4081800000000015,1.0,4.0
261,CHEMBL3262904,CNc1oc(-c2cccc3cnccc23)nc1C#N,30000.0,inactive,250.261,2.8031800000000002,1.0,5.0
262,CHEMBL3186736,CN(C)c1oc(-c2cccc3ccccc23)nc1C#N,30000.0,inactive,263.29999999999995,3.4324800000000018,0.0,4.0
263,CHEMBL3262921,N#Cc1nc(-c2cccc3ccccc23)oc1NCc1ccccc1,30000.0,inactive,325.37100000000004,4.978580000000004,1.0,4.0
264,CHEMBL3262922,N#Cc1nc(-c2cccc3ccccc23)oc1Nc1ccccc1,30000.0,inactive,311.344,5.110080000000003,1.0,4.0
265,CHEMBL3262930,CNc1sc(-c2cccc3ccccc23)nc1C(=O)OC,30000.0,inactive,298.3670000000001,3.7916000000000016,1.0,5.0
266,CHEMBL3260691,CCOC(=O)c1c(CSc2c(C)cc(C)cc2C)n(C)c2ccc(O)cc12,8200.0,intermediate,383.5130000000001,5.278160000000005,1.0,5.0
267,CHEMBL3290441,COc1cc(/C=C/c2cc(/C=C/c3cc(CC=C(C)C)c(O)c(OC)c3)[nH]n2)cc(CC=C(C)C)c1O,13.0,active,500.63900000000024,7.196300000000007,3.0,5.0
268,CHEMBL116438,COc1cc(/C=C/C(=O)/C=C(O)/C=C/c2ccc(O)c(OC)c2)ccc1O,1200.0,intermediate,368.3850000000001,3.852600000000003,3.0,6.0
269,CHEMBL3353725,COc1ccc(Cc2sc(-c3ccc(Cl)cc3)nc2O)cc1,10000.0,inactive,331.824,4.768500000000003,1.0,4.0
270,CHEMBL418941,CCCCCC(=O)/C=C/C=C\C/C=C\C/C=C\CCCC(=O)O,25000.0,inactive,318.4570000000001,5.395700000000005,1.0,2.0
271,CHEMBL1378466,CCCCCC(=O)/C=C/C=C\CCCCCCCC(=O)O,100000.0,inactive,294.43499999999995,5.063500000000004,1.0,2.0
272,CHEMBL3310737,CCCCC/C=C\CC(=O)/C=C/C=C\C/C=C\CCCC(=O)O,3000.0,intermediate,318.4570000000001,5.395700000000005,1.0,2.0
273,CHEMBL18028,CCCCC/C=C\C/C=C\C/C=C\C=C\C(=O)CCCC(=O)O,25000.0,inactive,318.4570000000001,5.395700000000005,1.0,2.0
274,CHEMBL3597760,O=C(Nc1ccccc1Cl)c1ccn(C(=O)c2cccc(Cl)c2)n1,,intermediate,360.2,4.130700000000002,1.0,4.0
275,CHEMBL3597761,O=C(Nc1ccc(F)cc1Cl)c1ccn(C(=O)Cc2ccccc2)n1,,intermediate,357.77200000000005,3.810800000000002,1.0,4.0
276,CHEMBL3597762,CC(=O)n1ccc(C(=O)Nc2ccc(Cl)c(Cl)c2)n1,428.0,active,298.12899999999996,3.1023000000000014,1.0,4.0
277,CHEMBL3597763,O=C(Nc1ccccc1Cl)c1ccn(C(=O)Oc2ccc(Cl)cc2)n1,,intermediate,376.199,4.489300000000002,1.0,5.0
278,CHEMBL3597764,O=C(Nc1ccc(F)cc1Cl)c1ccn(C(=O)Nc2ccc3c(c2)OCO3)n1,109.0,active,402.7690000000001,3.7368000000000015,2.0,6.0
279,CHEMBL3597765,CCCCCNC(=O)n1ccc(C(=O)Nc2ccc(F)cc2Cl)n1,130.0,active,352.7970000000001,3.6758000000000015,2.0,4.0
280,CHEMBL3597766,CCOC(=O)CCCCCNC(=O)n1ccc(C(=O)Nc2ccc(F)cc2Cl)n1,250.0,active,424.86000000000007,3.6091000000000015,2.0,6.0
281,CHEMBL3597767,CN(C)C(=O)n1ccc(C(=O)Nc2ccccc2Cl)n1,,intermediate,292.726,2.3185000000000002,1.0,4.0
282,CHEMBL3597768,O=C(Nc1ccc(F)cc1Cl)c1ccn(C(=S)Nc2ccc3c(c2)OCO3)n1,,intermediate,418.83700000000016,3.9017000000000017,2.0,6.0
283,CHEMBL3597769,O=C(Nc1ccc(F)cc1Cl)c1ccn(S(=O)(=O)c2cccc(C(F)(F)F)c2)n1,1944.0,intermediate,447.7970000000001,4.183700000000002,1.0,5.0
284,CHEMBL3597770,CN(C)S(=O)(=O)n1ccc(C(=O)Nc2ccc(F)cc2Cl)n1,,intermediate,346.771,1.5823999999999998,1.0,5.0
285,CHEMBL3597771,O=C(Nc1ccccc1Cl)c1ccn(Cc2ccccc2)n1,,intermediate,311.772,3.837100000000002,1.0,3.0
286,CHEMBL3597772,Cn1cc(Cl)c(C(=O)Nc2ccc(F)cc2Cl)n1,,intermediate,288.109,3.1183000000000014,1.0,3.0
287,CHEMBL3597773,CCCCCCNC(=O)n1cc(C)c(C(=O)Nc2cccc3c2OC(F)(F)O3)n1,,intermediate,408.4050000000001,3.9033200000000017,2.0,6.0
288,CHEMBL3597774,CCCCCCNC(=O)n1cc(CCCC)c(C(=O)Nc2ccc(F)cc2Cl)n1,,intermediate,422.9320000000001,5.4085000000000045,2.0,4.0
289,CHEMBL3597775,CCCCCCNC(=O)n1nc(C(=O)Nc2ccc(F)cc2Cl)cc1C,395.0,active,380.8510000000001,4.374320000000003,2.0,4.0
290,CHEMBL3597776,CCCCNC(=O)n1ccc(C(=O)Nc2ccccc2Cl)n1,,intermediate,320.78000000000003,3.146600000000001,2.0,4.0
291,CHEMBL3604185,Clc1ccc2nc(-c3n[nH]c(Cl)c3Cl)oc2c1,2.0,active,288.521,4.1781,1.0,3.0
292,CHEMBL3604151,O=C(Nc1ccc(F)cc1Cl)c1n[nH]cc1Cl,85.0,active,274.082,3.1079000000000008,2.0,2.0
293,CHEMBL3604152,O=C(Nc1ccc(F)cc1Cl)c1cc(Cl)[nH]n1,71.0,active,274.08199999999994,3.1079000000000008,2.0,2.0
294,CHEMBL3604153,O=C(Nc1ccc(F)cc1Cl)c1n[nH]c(Cl)c1Cl,32.0,active,308.52700000000004,3.7613000000000003,2.0,2.0
295,CHEMBL3604137,O=C(Nc1ccc(F)cn1)c1cc[nH]n1,550.0,active,206.18,1.1961,2.0,3.0
296,CHEMBL3604140,O=C(Nc1ccc2ccccc2n1)c1cc[nH]n1,334.0,active,238.25,2.2101999999999995,2.0,3.0
297,CHEMBL3604174,O=C(Nc1ccc(Cl)cc1Cl)c1cn[nH]n1,99.0,active,257.08,2.3637999999999995,2.0,3.0
298,CHEMBL445420,O=C(Nc1ccccc1)c1cc[nH]n1,47.0,active,187.202,1.6619999999999997,2.0,2.0
299,CHEMBL3116433,O=C(Nc1cccnc1)c1ccn[nH]1,,intermediate,188.19,1.0569999999999997,2.0,3.0
300,CHEMBL3604136,O=C(Nc1ccncc1)c1cc[nH]n1,,intermediate,188.19,1.0569999999999997,2.0,3.0
301,CHEMBL3604138,O=C(Nc1ccc(Cl)cn1)c1cc[nH]n1,26.0,active,222.63500000000002,1.7103999999999995,2.0,3.0
302,CHEMBL3604139,O=C(Nc1ncc(Cl)s1)c1cc[nH]n1,384.0,active,228.66400000000004,1.7718999999999998,2.0,4.0
303,CHEMBL3604141,O=C(Nc1cnc2ccccc2c1)c1cc[nH]n1,180.0,active,238.25000000000003,2.2101999999999995,2.0,3.0
304,CHEMBL3604142,O=C(Nc1ccc2ncccc2c1)c1cc[nH]n1,970.0,active,238.25000000000003,2.2101999999999995,2.0,3.0
305,CHEMBL3604143,O=C(Nc1cc2ccccc2cn1)c1cc[nH]n1,843.0,active,238.25,2.210199999999999,2.0,3.0
306,CHEMBL3604144,CN(C(=O)c1cc[nH]n1)c1ccccc1Cl,,intermediate,235.674,2.3397000000000006,1.0,2.0
307,CHEMBL3604129,O=C(NCc1ccccc1)c1cc[nH]n1,,intermediate,201.229,1.3397,2.0,2.0
308,CHEMBL3604130,O=C(Nc1ccc(F)cc1)c1cc[nH]n1,,intermediate,205.192,1.8010999999999997,2.0,2.0
309,CHEMBL1587607,O=C(Nc1ccccc1Cl)c1cc[nH]n1,645.0,active,221.647,2.3153999999999995,2.0,2.0
310,CHEMBL3604131,O=C(Nc1ccc(Cl)c(Cl)c1)c1cc[nH]n1,180.0,active,256.092,2.9688000000000008,2.0,2.0
311,CHEMBL3604132,O=C(Nc1ccc(F)cc1Cl)c1cc[nH]n1,81.0,active,239.637,2.4544999999999995,2.0,2.0
312,CHEMBL3604133,O=C(Nc1ccc(C(F)(F)F)cc1)c1cc[nH]n1,448.0,active,255.199,2.6808000000000005,2.0,2.0
313,CHEMBL3604134,O=C(Nc1ccc(F)cc1C(F)(F)F)c1cc[nH]n1,168.0,active,273.1889999999999,2.8199000000000005,2.0,2.0
314,CHEMBL3604135,O=C(Nc1ccccn1)c1cc[nH]n1,1207.0,intermediate,188.19,1.0569999999999997,2.0,3.0
315,CHEMBL3604154,O=C(Nc1ccc(F)cc1Cl)c1n[nH]cc1F,,intermediate,257.627,2.5936000000000003,2.0,2.0
316,CHEMBL3604155,O=C(Nc1ccc(F)cc1Cl)c1n[nH]cc1Br,290.0,active,318.533,3.2170000000000005,2.0,2.0
317,CHEMBL3604156,O=C(Nc1ccc(F)cc1Cl)c1n[nH]c(Cl)c1Br,1.0,active,352.978,3.8704,2.0,2.0
318,CHEMBL3604157,O=C(Nc1ccc(F)cc1Cl)c1n[nH]cc1I,184.0,active,365.533,3.059100000000001,2.0,2.0
319,CHEMBL3604158,O=C(Nc1ccc(F)cc1Cl)c1cc(I)[nH]n1,150.0,active,365.53299999999996,3.059100000000001,2.0,2.0
320,CHEMBL3604159,O=C(Nc1ccc(F)cc1Cl)c1n[nH]cc1C(F)(F)F,,intermediate,307.63399999999996,3.4733,2.0,2.0
321,CHEMBL3604160,O=C(Nc1ccc(F)cc1Cl)c1cc(C(F)(F)F)[nH]n1,1000.0,active,307.63399999999996,3.4733,2.0,2.0
322,CHEMBL3604161,O=C(Nc1ccc(F)cc1Cl)c1n[nH]c(C(F)(F)F)c1C(F)(F)F,,intermediate,375.631,4.492100000000001,2.0,2.0
323,CHEMBL3604162,O=C(Nc1ccc(F)cc1Cl)c1n[nH]c(C(F)(F)F)c1Cl,,intermediate,342.07899999999995,4.1267000000000005,2.0,2.0
324,CHEMBL3604145,Cc1c(C(=O)Nc2ccc(F)cc2Cl)n[nH]c1[Si](C)(C)C,672.0,active,325.84700000000004,3.3081200000000015,2.0,2.0
325,CHEMBL3604163,O=C(Nc1ccc(F)cc1Cl)c1cc(C(F)F)[nH]n1,,intermediate,289.64399999999995,3.3921,2.0,2.0
326,CHEMBL3604164,O=C(Nc1ccc(F)cc1Cl)c1n[nH]c(C(F)F)c1Cl,,intermediate,324.08900000000006,4.0455000000000005,2.0,2.0
327,CHEMBL3603844,O=C(Nc1ccc(F)cc1Cl)c1n[nH]cc1[N+](=O)[O-],5900.0,intermediate,284.634,2.3627000000000002,2.0,4.0
328,CHEMBL3604165,O=C(Nc1ccc(F)cc1Cl)c1cc([N+](=O)[O-])[nH]n1,,intermediate,284.63399999999996,2.3627000000000002,2.0,4.0
329,CHEMBL3604166,Nc1c[nH]nc1C(=O)Nc1ccc(F)cc1Cl,641.0,active,254.652,2.0367,3.0,3.0
330,CHEMBL3604167,Nc1cc(C(=O)Nc2ccc(F)cc2Cl)n[nH]1,5980.0,intermediate,254.65200000000002,2.0366999999999997,3.0,3.0
331,CHEMBL3604168,CS(=O)(=O)Nc1c[nH]nc1C(=O)Nc1ccc(F)cc1Cl,,intermediate,332.744,1.8259999999999996,3.0,4.0
332,CHEMBL3604169,CS(=O)(=O)Nc1cc(C(=O)Nc2ccc(F)cc2Cl)n[nH]1,,intermediate,332.74399999999997,1.8259999999999998,3.0,4.0
333,CHEMBL3604146,Cc1c[nH]nc1C(=O)Nc1ccc(F)cc1Cl,453.0,active,253.664,2.7629200000000003,2.0,2.0
334,CHEMBL3604147,Cc1cc(C(=O)Nc2ccc(F)cc2Cl)n[nH]1,376.0,active,253.66400000000002,2.7629200000000003,2.0,2.0
335,CHEMBL3604148,CCCCc1c[nH]nc1C(=O)Nc1ccc(F)cc1Cl,,intermediate,295.745,3.797100000000002,2.0,2.0
336,CHEMBL3604149,CC(C)(C)c1cc(C(=O)Nc2ccc(F)cc2Cl)n[nH]1,,intermediate,295.74499999999995,3.7520000000000016,2.0,2.0
337,CHEMBL3604150,O=C(Nc1ccc(F)cc1Cl)c1n[nH]cc1-c1ccccc1,,intermediate,315.735,4.121500000000002,2.0,2.0
338,CHEMBL3604170,O=C(Nc1ccccc1)c1cn[nH]n1,,intermediate,188.19,1.057,2.0,3.0
339,CHEMBL3604171,O=C(Nc1ccc(F)cc1)c1cn[nH]n1,947.0,active,206.18,1.1961,2.0,3.0
340,CHEMBL3604172,O=C(Nc1ccccc1Cl)c1cn[nH]n1,6976.0,intermediate,222.635,1.7103999999999995,2.0,3.0
341,CHEMBL3604173,O=C(Nc1ccc(F)cc1Cl)c1cn[nH]n1,571.0,active,240.625,1.8494999999999997,2.0,3.0
342,CHEMBL3604175,O=C(Nc1cc(Cl)ccc1Cl)c1cn[nH]n1,22530.0,inactive,257.08,2.3637999999999995,2.0,3.0
343,CHEMBL3604176,O=C(Nc1ccc(F)cn1)c1cn[nH]n1,3965.0,intermediate,207.168,0.5911,2.0,4.0
344,CHEMBL3604177,O=C(Nc1cnc2ccccc2c1)c1cn[nH]n1,1400.0,intermediate,239.23800000000003,1.6051999999999997,2.0,4.0
345,CHEMBL3604178,O=C(Nc1cnc2cc(F)ccc2c1)c1cn[nH]n1,,intermediate,257.228,1.7442999999999993,2.0,4.0
346,CHEMBL3604179,c1ccc2oc(-c3cc[nH]n3)nc2c1,3273.0,intermediate,185.18599999999998,2.2178999999999993,1.0,3.0
347,CHEMBL3604180,Clc1ccc2nc(-c3cc[nH]n3)oc2c1,20.0,active,219.63100000000003,2.8713000000000006,1.0,3.0
348,CHEMBL3604181,Clc1ccc2oc(-c3cc[nH]n3)nc2c1,443.0,active,219.63100000000003,2.8713000000000006,1.0,3.0
349,CHEMBL3604182,Fc1ccc2nc(-c3cc[nH]n3)oc2c1,,intermediate,203.17600000000002,2.3569999999999993,1.0,3.0
350,CHEMBL3604183,Fc1ccc2oc(-c3cc[nH]n3)nc2c1,,intermediate,203.17600000000002,2.357,1.0,3.0
351,CHEMBL3604184,Clc1ccc2nc(-c3cc(Cl)[nH]n3)oc2c1,4.0,active,254.07600000000002,3.5247,1.0,3.0
352,CHEMBL3622747,c1ccn2cccc2c1,25000.0,inactive,117.15099999999995,1.9392999999999998,0.0,1.0
353,CHEMBL3622732,CCOC(=O)c1[nH]c2cc(Cl)ccc2c1C(C)=O,2310.0,intermediate,265.69599999999997,3.2006000000000014,1.0,3.0
354,CHEMBL3622733,CCOC(=O)c1[nH]c2cc(Cl)ccc2c1C(=O)CC,1780.0,intermediate,279.723,3.590700000000002,1.0,3.0
355,CHEMBL3622734,CCCC(=O)c1c(C(=O)OCC)[nH]c2cc(Cl)ccc12,730.0,active,293.75,3.980800000000003,1.0,3.0
356,CHEMBL3622735,CCOC(=O)c1[nH]c2cc(Cl)ccc2c1C(=O)C[C@@H](C)CCCC(C)C,90.0,active,377.9120000000002,6.033200000000005,1.0,3.0
357,CHEMBL3622736,CCOC(=O)c1[nH]c2cc(Cl)ccc2c1C(=O)C[C@H](C)CCCC(C)C,300.0,active,377.9120000000002,6.033200000000005,1.0,3.0
358,CHEMBL3622737,CCCCCCCCCCCC(=O)c1c(C(=O)OCC)[nH]c2cc(Cl)ccc12,430.0,active,405.96600000000007,7.101600000000007,1.0,3.0
359,CHEMBL3622738,CCCCCCCCCC(=O)c1c(C(=O)OCC)[nH]c2cc(Cl)ccc12,200.0,active,377.912,6.321400000000006,1.0,3.0
360,CHEMBL3622739,CCCCCCCC(=O)c1c(C(=O)OCC)[nH]c2cc(Cl)ccc12,270.0,active,349.858,5.541200000000005,1.0,3.0
361,CHEMBL3622740,CCCCCC(=O)c1c(C(=O)OCC)[nH]c2cc(Cl)ccc12,540.0,active,321.80400000000003,4.761000000000004,1.0,3.0
362,CHEMBL3622741,CCOC(=O)c1[nH]c2cc(Cl)ccc2c1C(=O)Cc1ccccc1,600.0,active,341.79400000000004,4.4234000000000036,1.0,3.0
363,CHEMBL3622742,CCOC(=O)c1[nH]c2cc(Cl)ccc2c1C(=O)Cc1ccc(C)cc1,2080.0,intermediate,355.8210000000001,4.7318200000000035,1.0,3.0
364,CHEMBL3622743,CCOC(=O)c1[nH]c2cc(Cl)ccc2c1C(=O)Cc1ccc(Cl)cc1,1190.0,intermediate,376.23900000000003,5.076800000000003,1.0,3.0
365,CHEMBL3622744,CCOC(=O)c1[nH]c2cc(Cl)ccc2c1C(=O)Cc1ccc(F)cc1,770.0,active,359.78400000000005,4.562500000000003,1.0,3.0
366,CHEMBL3622745,CCOC(=O)c1[nH]c2cc(Cl)ccc2c1C(=O)CCc1ccccc1,560.0,active,355.8210000000001,4.813500000000004,1.0,3.0
367,CHEMBL3622748,CCOC(=O)c1cc2ccc(Cl)cc2[nH]1,2000.0,intermediate,223.659,2.998000000000001,1.0,2.0
368,CHEMBL3622749,CCOC(=O)c1[nH]c2cc(Cl)ccc2c1C=O,3000.0,intermediate,251.66899999999998,2.810500000000001,1.0,3.0
369,CHEMBL1344000,Oc1ccc(Br)cc1-c1cc(-c2ccccc2)[nH]n1,50000.0,inactive,315.17,4.211800000000002,2.0,2.0
370,CHEMBL1546898,Oc1ccc(Br)cc1-c1cc(-c2ccccc2Cl)[nH]n1,50000.0,inactive,349.61500000000007,4.8652000000000015,2.0,2.0
371,CHEMBL1442717,Oc1ccc(Cl)cc1-c1cc(-c2ccccc2Cl)[nH]n1,50000.0,inactive,305.16400000000004,4.756100000000002,2.0,2.0
372,CHEMBL503606,Oc1ccccc1-c1cc[nH]n1,50000.0,inactive,160.17600000000002,1.7822999999999998,2.0,2.0
373,CHEMBL375966,c1ccc(-c2cc(-c3ccccc3)[nH]n2)cc1,50000.0,inactive,220.275,3.7437000000000022,1.0,1.0
374,CHEMBL584668,COc1ccc(-c2cc(-c3ccc(C)cc3)[nH]n2)c(O)c1,50000.0,inactive,280.327,3.766320000000002,2.0,3.0
375,CHEMBL1328952,Cc1ccc(-c2cc(-c3ccc(C)cc3O)[nH]n2)cc1,50000.0,inactive,264.32800000000003,4.0661400000000025,2.0,2.0
376,CHEMBL1367313,Cc1ccc(-c2cc(-c3cccc(F)c3)[nH]n2)c(O)c1,18000.0,inactive,268.291,3.8968200000000017,2.0,2.0
377,CHEMBL1510116,Cc1ccc(-c2cc(-c3ccc(F)cc3)[nH]n2)c(O)c1,11000.0,inactive,268.291,3.8968200000000017,2.0,2.0
378,CHEMBL1520849,Cc1ccc(-c2cc(-c3ccccc3Cl)[nH]n2)c(O)c1,17000.0,inactive,284.74600000000004,4.411120000000002,2.0,2.0
379,CHEMBL1463825,Cc1ccc(-c2cc(-c3ccccc3C)[nH]n2)c(O)c1,10000.0,inactive,264.32800000000003,4.0661400000000025,2.0,2.0
380,CHEMBL1370300,COc1ccc(O)c(-c2cc(-c3ccc(F)cc3)[nH]n2)c1,11000.0,inactive,284.28999999999996,3.5970000000000013,2.0,3.0
381,CHEMBL209699,COc1ccc(O)c(-c2cc(-c3ccccc3Cl)[nH]n2)c1,6600.0,intermediate,300.745,4.111300000000002,2.0,3.0
382,CHEMBL1370387,COc1ccc(O)c(-c2cc(-c3cccc(Br)c3)[nH]n2)c1,7000.0,intermediate,345.19599999999997,4.2204000000000015,2.0,3.0
383,CHEMBL1540577,COc1ccc(-c2cc(-c3cc(OC)ccc3O)[nH]n2)cc1,6000.0,intermediate,296.326,3.4665000000000017,2.0,4.0
384,CHEMBL1718182,Oc1ccccc1-c1cc(-c2ccccc2)[nH]n1,20000.0,inactive,236.27400000000003,3.4493000000000027,2.0,2.0
385,CHEMBL1353771,Oc1ccccc1-c1cc(-c2ccco2)[nH]n1,7000.0,intermediate,226.235,3.042300000000002,2.0,3.0
386,CHEMBL1372333,COc1ccc(-c2cc(-c3ccccc3O)[nH]n2)cc1,10000.0,inactive,266.3,3.4579000000000013,2.0,3.0
387,CHEMBL1489184,Oc1ccccc1-c1cc(-c2ccccc2Cl)[nH]n1,4000.0,intermediate,270.719,4.102700000000002,2.0,2.0
388,CHEMBL1604272,Cc1ccccc1-c1cc(-c2ccccc2O)[nH]n1,7000.0,intermediate,250.30100000000002,3.757720000000002,2.0,2.0
389,CHEMBL1736078,COc1ccc(C(=O)c2c[nH]nc2-c2cc(C)ccc2O)cc1,50000.0,inactive,308.33700000000005,3.3303200000000013,2.0,4.0
390,CHEMBL1611217,Cc1ccc(O)c(-c2cc(C(=O)NCc3ccccc3)[nH]n2)c1,50000.0,inactive,307.353,3.0207200000000007,3.0,3.0
391,CHEMBL1448722,Cc1ccc(O)c(-c2cc(-c3cccc(Br)c3)[nH]n2)c1,9100.0,intermediate,329.197,4.520220000000002,2.0,2.0
392,CHEMBL1478024,Cc1ccc(O)c(-c2cc(-c3cccc(F)c3)[nH]n2)c1,10000.0,inactive,268.291,3.8968200000000017,2.0,2.0
393,CHEMBL1488723,Cc1ccc(O)c(-c2cc(-c3ccccc3C)[nH]n2)c1,3400.0,intermediate,264.32800000000003,4.0661400000000025,2.0,2.0
394,CHEMBL180917,c1ccc2c(c1)SCc1c-2[nH]c2ccccc12,810.0,active,237.32700000000003,4.4406000000000025,1.0,1.0
395,CHEMBL3964779,CCCCNC(=O)c1cc(-c2ccccc2)sc1NC(=O)CCC,19000.0,inactive,344.48000000000013,4.683600000000004,2.0,3.0
396,CHEMBL3934739,CCCCNC(=O)c1cc(-c2ccccc2)sc1NC(C)=O,19800.0,inactive,316.42600000000004,3.903400000000002,2.0,3.0
397,CHEMBL3962223,CCCCNC(=O)c1c(N)sc(-c2ccccc2)c1CCCC,50000.0,inactive,330.4970000000001,4.869800000000004,2.0,3.0
398,CHEMBL3902172,CCCCNC(=O)c1c(N)sc(-c2ccc(Cl)cc2)c1CCCC,50000.0,inactive,364.9420000000001,5.523200000000004,2.0,3.0
399,CHEMBL3935807,CCCCNC(=O)c1c(N)sc(-c2ccccc2)c1C,50000.0,inactive,288.416,3.8356200000000014,2.0,3.0
400,CHEMBL3916837,CCCCNC(=O)c1cc(Cc2ccccc2)sc1N,50000.0,inactive,288.416,3.4510000000000014,2.0,3.0
401,CHEMBL3944748,CCCCNC(=O)c1cc(-c2ccc(Br)cc2)sc1N,50000.0,inactive,353.285,4.2897000000000025,2.0,3.0
402,CHEMBL3980129,CCCCNC(=O)c1cc(-c2ccc(Cl)cc2)sc1N,50000.0,inactive,308.834,4.180600000000003,2.0,3.0
403,CHEMBL3951202,C=CCCCCCCCc1cc(C(=O)NCCCC)c(N)s1,15200.0,inactive,322.51800000000003,4.929300000000003,2.0,3.0
404,CHEMBL3952264,CCCCNC(=O)c1cc(C(C)CCC=C(C)C)sc1N,25900.0,inactive,308.491,4.710100000000003,2.0,3.0
405,CHEMBL3924575,CCCCCc1cc(C(=O)NCCCC)c(N)s1,50000.0,inactive,268.42599999999993,3.592900000000002,2.0,3.0
406,CHEMBL3960955,CCCCNC(=O)c1cc(CCC)sc1N,50000.0,inactive,240.37199999999993,2.8127000000000004,2.0,3.0
407,CHEMBL3933498,CCCCNC(=O)c1cc(CC)sc1N,50000.0,inactive,226.34499999999994,2.4226,2.0,3.0
408,CHEMBL3934572,CCCCNC(=O)c1cc(C)sc1N,50000.0,inactive,212.31799999999996,2.16862,2.0,3.0
409,CHEMBL3906604,CCCCN(CCCC)C(=O)c1cc(-c2ccccc2)sc1N,50000.0,inactive,330.497,5.039700000000004,1.0,3.0
410,CHEMBL3943550,Nc1sc(-c2ccccc2)cc1C(=O)NCCCCc1ccccc1,50000.0,inactive,350.4870000000001,4.7500000000000036,2.0,3.0
411,CHEMBL3915588,CCCCCCCCCCCCNC(=O)c1cc(-c2ccccc2)sc1N,47300.0,inactive,386.6050000000001,6.648000000000006,2.0,3.0
412,CHEMBL3951677,CCCCCCCCNC(=O)c1cc(-c2ccccc2)sc1N,41500.0,inactive,330.49700000000007,5.087600000000004,2.0,3.0
413,CHEMBL3980563,CCCCCNC(=O)c1cc(-c2ccccc2)sc1N,17900.0,inactive,288.41600000000005,3.917300000000002,2.0,3.0
414,CHEMBL2360534,CCCCNC(=O)c1cc(-c2ccccc2)sc1N,12400.0,inactive,274.389,3.5272000000000014,2.0,3.0
415,CHEMBL2356181,C#CCNC(=O)c1cc(-c2ccccc2)sc1N,18600.0,inactive,256.33000000000004,2.3603,2.0,3.0
416,CHEMBL2131121,C=CCNC(=O)c1cc(-c2ccccc2)sc1N,20600.0,inactive,258.346,2.913100000000001,2.0,3.0
417,CHEMBL3925842,CCCCCCCC(=O)Nc1sc(-c2ccccc2)cc1C(=O)NCCCC,28200.0,inactive,400.58800000000025,6.244000000000007,2.0,3.0
418,CHEMBL3908688,CCCCn1c(=O)[nH]c2sc(-c3ccccc3)cc2c1=O,50000.0,inactive,300.38300000000004,3.218400000000001,1.0,4.0
419,CHEMBL2130539,COCCNC(=O)c1cc(-c2ccccc2)sc1N,29800.0,inactive,276.36100000000005,2.3735,2.0,4.0
420,CHEMBL2144693,Cc1[nH]c2ccccc2c1C(=O)c1cc(Cc2ccccc2)sc1N,24600.0,inactive,346.455,4.941820000000003,2.0,3.0
421,CHEMBL151,O=c1cc(-c2ccc(O)c(O)c2)oc2cc(O)cc(O)c12,5000.0,intermediate,286.23900000000003,2.2824000000000004,4.0,6.0
422,CHEMBL395428,CC1(C)CC[C@]2(C)CC[C@]3(C)C(=CC[C@@H]4[C@@]5(C)CC[C@@H](O)[C@](C)(C(=O)O)[C@@H]5CC[C@]43C)[C@@H]2C1,1000.0,active,456.7110000000003,7.233600000000009,2.0,2.0
423,CHEMBL93,CC(c1cc2ccccc2s1)N(O)C(N)=O,400.0,active,236.29599999999996,2.7321999999999997,2.0,3.0
424,CHEMBL319244,O=C(/C=C/c1ccc(O)c(O)c1)OCCc1ccccc1,130.0,active,284.311,2.8969000000000005,2.0,4.0
425,CHEMBL2359609,Nc1[nH]c(C(=O)c2ccccc2)c(-c2ccc(Cl)cc2Cl)c1C(=O)c1ccc(Cl)c(Cl)c1,12800.0,inactive,504.20000000000016,7.339500000000003,2.0,3.0
426,CHEMBL4176066,Nc1[nH]c(C(=O)c2ccccc2)c(-c2ccc(Cl)cc2Cl)c1C(=O)c1ccc(Cl)cc1,100000.0,inactive,469.7550000000001,6.686100000000003,2.0,3.0
427,CHEMBL4171556,Nc1[nH]c(C(=O)c2ccccc2)c(-c2ccc(Cl)cc2Cl)c1C(=O)c1cccc(Cl)c1,6900.0,intermediate,469.7550000000001,6.686100000000003,2.0,3.0
428,CHEMBL4170726,Nc1[nH]c(C(=O)c2ccccc2)c(-c2ccc(Cl)cc2Cl)c1C(=O)c1cccc(Br)c1,6300.0,intermediate,514.2060000000001,6.795200000000003,2.0,3.0
429,CHEMBL4162293,Nc1[nH]c(C(=O)c2ccccc2)c(-c2ccc(Cl)cc2Cl)c1C(=O)c1cccc(F)c1,100000.0,inactive,453.3000000000001,6.171800000000003,2.0,3.0
430,CHEMBL4172644,Cc1cccc(C(=O)c2c(N)[nH]c(C(=O)c3ccccc3)c2-c2ccc(Cl)cc2Cl)c1,100000.0,inactive,449.3370000000001,6.341120000000004,2.0,3.0
431,CHEMBL4172607,Nc1[nH]c(C(=O)c2ccccc2)c(-c2ccc(Cl)cc2Cl)c1C(=O)c1ccccc1,100000.0,inactive,435.3100000000001,6.032700000000004,2.0,3.0
432,CHEMBL4164711,Nc1[nH]c(C(=O)c2ccccc2)c(-c2ccc(Cl)cc2Cl)c1C(=O)c1cccs1,100000.0,inactive,441.3390000000001,6.094200000000003,2.0,4.0
433,CHEMBL4169224,NC(=O)c1c(N)[nH]c(C(=O)c2ccccc2)c1-c1ccc(Cl)cc1Cl,100000.0,inactive,374.2270000000001,3.9006000000000007,3.0,3.0
434,CHEMBL4161295,Nc1[nH]c(C(=O)c2ccccc2)cc1C(=O)c1ccc(Cl)c(Cl)c1,36100.0,inactive,359.2120000000001,4.365700000000002,2.0,3.0
435,CHEMBL4165793,Nc1[nH]c(C(=O)c2ccccc2)c(-c2cccc3ccccc23)c1C(=O)c1ccc(Cl)c(Cl)c1,100000.0,inactive,485.37000000000023,7.185900000000003,2.0,3.0
436,CHEMBL4176401,Nc1[nH]c(C(=O)c2ccccc2)c(-c2ccc3ccccc3c2)c1C(=O)c1ccc(Cl)c(Cl)c1,11800.0,inactive,485.37000000000023,7.185900000000004,2.0,3.0
437,CHEMBL2141695,Nc1[nH]c(C(=O)c2ccccc2)c(-c2c(F)cccc2F)c1C(=O)c1ccc(Cl)c(Cl)c1,100000.0,inactive,471.2900000000002,6.310900000000003,2.0,3.0
438,CHEMBL4173018,Nc1[nH]c(C(=O)c2ccccc2)cc1C(=O)c1cccc(Cl)c1,41800.0,inactive,324.76700000000005,3.7123000000000017,2.0,3.0
439,CHEMBL4177482,Nc1[nH]c(C(=O)c2ccccc2)c(-c2ccc(-c3ccccc3)cc2)c1C(=O)c1cccc(Cl)c1,100000.0,inactive,476.9630000000002,7.046300000000005,2.0,3.0
440,CHEMBL4169621,Nc1[nH]c(C(=O)c2ccccc2)c(-c2ccccc2)c1C(=O)c1cccc(Cl)c1,67900.0,inactive,400.8650000000001,5.379300000000002,2.0,3.0
441,CHEMBL4165794,Nc1[nH]c(C(=O)c2ccccc2)c(-c2ccc(Cl)c(Cl)c2)c1C(=O)c1cccc(Cl)c1,35700.0,inactive,469.7550000000001,6.686100000000003,2.0,3.0
442,CHEMBL4173713,Nc1[nH]c(C(=O)c2ccccc2)c(-c2ccc(Cl)cc2)c1C(=O)c1cccc(Cl)c1,100000.0,inactive,435.3100000000002,6.032700000000004,2.0,3.0
443,CHEMBL4162344,Nc1[nH]c(C(=O)c2ccccc2)c(-c2ccccc2Cl)c1C(=O)c1cccc(Cl)c1,100000.0,inactive,435.3100000000002,6.032700000000004,2.0,3.0
444,CHEMBL4170264,Nc1[nH]c(C(=O)c2ccccc2)c(-c2cccc(Cl)c2)c1C(=O)c1cccc(Cl)c1,100000.0,inactive,435.3100000000002,6.032700000000004,2.0,3.0
445,CHEMBL4172609,Nc1[nH]c(C(=O)c2ccccc2)c(-c2ccc(F)cc2F)c1C(=O)c1cccc(Cl)c1,44100.0,inactive,436.84500000000014,5.657500000000003,2.0,3.0
446,CHEMBL4161953,Nc1[nH]c(C(=O)c2ccccc2)c(-c2ccc(O)cc2O)c1C(=O)c1cccc(Cl)c1,8300.0,intermediate,432.86300000000017,4.790500000000004,4.0,5.0
447,CHEMBL4169225,Cc1ccc(-c2c(C(=O)c3ccccc3)[nH]c(N)c2C(=O)c2cccc(Cl)c2)c(C)c1,39000.0,inactive,428.9190000000002,5.996140000000003,2.0,3.0
448,CHEMBL4177082,Nc1[nH]c(C(=O)c2ccccc2)c(-c2ccc3c(c2)OCO3)c1C(=O)c1cccc(Cl)c1,100000.0,inactive,444.87400000000025,5.108000000000003,2.0,5.0
449,CHEMBL4160880,Nc1[nH]c(C(=O)c2ccccc2)c(-c2ccncc2)c1C(=O)c1cccc(Cl)c1,100000.0,inactive,401.8530000000002,4.774300000000003,2.0,4.0
450,CHEMBL4168816,Nc1[nH]c(C(=O)c2ccccc2)c(-c2cccnc2)c1C(=O)c1cccc(Cl)c1,100000.0,inactive,401.8530000000002,4.774300000000003,2.0,4.0
451,CHEMBL4164608,COc1ccc(-c2c(C(=O)c3ccccc3)[nH]c(N)c2C(=O)c2cccc(Cl)c2)c(OC)c1,58200.0,inactive,460.91700000000026,5.396500000000003,2.0,5.0
452,CHEMBL4175237,CCOC(=O)c1ccc[nH]1,100000.0,inactive,139.15399999999997,1.1914,1.0,2.0
453,CHEMBL4168041,CCOC(=O)c1ccc(N)[nH]1,100000.0,inactive,154.16899999999998,0.7736000000000001,2.0,3.0
454,CHEMBL4160118,Nc1[nH]c(C(=O)c2ccc(Cl)cc2)c(-c2ccc(Cl)cc2Cl)c1C(=O)c1cccc(Cl)c1,13200.0,inactive,504.20000000000016,7.339500000000003,2.0,3.0
455,CHEMBL4281040,CC(C)/C=C/c1c(O)cc(-c2cc3ccc(O)cc3o2)cc1O,840.0,active,310.34900000000005,4.885800000000005,3.0,4.0
456,CHEMBL2018876,CC(C)=CCc1c(O)cc(-c2cc3ccc(O)cc3o2)cc1O,1210.0,intermediate,310.34900000000005,4.725300000000004,3.0,4.0
457,CHEMBL4571678,CCCNC(=O)c1[nH]c2cc(Cl)ccc2c1/C=C/C(=O)NCc1ccccc1OC,20000.0,inactive,425.91600000000017,4.299300000000002,3.0,3.0
458,CHEMBL4439639,CCNC(=O)c1[nH]c2cc(Cl)ccc2c1/C=C/C(=O)NCc1ccccc1OC,5810.0,intermediate,411.8890000000002,3.909200000000003,3.0,3.0
459,CHEMBL4458790,CCCNC(=O)c1[nH]c2cc(Cl)ccc2c1C(=O)C[C@@H](C)CCCC(C)C,20000.0,inactive,390.95500000000027,5.996300000000005,2.0,2.0
460,CHEMBL4548389,CCCNC(=O)c1[nH]c2cc(Cl)ccc2c1C(=O)C[C@H](C)CCCC(C)C,20000.0,inactive,390.95500000000027,5.996300000000005,2.0,2.0
461,CHEMBL4453739,CCCNC(=O)c1[nH]c2cc(Cl)ccc2c1CN(C)C,20000.0,inactive,293.798,3.0227000000000013,2.0,2.0
462,CHEMBL4468632,O=C(NC1CC1)c1cc2ccc(Cl)cc2[nH]1,20000.0,inactive,234.68600000000004,2.7135000000000007,2.0,1.0
463,CHEMBL4439929,CC(C)NC(=O)c1cc2ccc(Cl)cc2[nH]1,9820.0,intermediate,236.702,2.9595000000000002,2.0,1.0
464,CHEMBL4522962,CCCCCNC(=O)c1cc2ccc(Cl)cc2[nH]1,10940.0,inactive,264.756,3.7413000000000016,2.0,1.0
465,CHEMBL4554463,CCCCNC(=O)c1cc2ccc(Cl)cc2[nH]1,13020.0,inactive,250.72899999999998,3.3512000000000013,2.0,1.0
466,CHEMBL4558587,CCCNC(=O)c1cc2ccc(Cl)cc2[nH]1,4090.0,intermediate,236.702,2.961100000000001,2.0,1.0
467,CHEMBL4448637,CCNC(=O)c1cc2ccc(Cl)cc2[nH]1,6880.0,intermediate,222.67499999999998,2.5710000000000006,2.0,1.0
468,CHEMBL4470284,CCOC(=O)c1[nH]c2cc(Cl)ccc2c1/C=C/C(=O)NCCc1ccccc1,20000.0,inactive,396.87400000000014,4.3701000000000025,2.0,3.0
469,CHEMBL4558072,CCOC(=O)c1[nH]c2cc(Cl)ccc2c1/C=C/C(=O)NCCc1ccccc1Cl,1290.0,intermediate,431.3190000000002,5.023500000000004,2.0,3.0
470,CHEMBL4580232,CCOC(=O)c1[nH]c2cc(Cl)ccc2c1/C=C/C(=O)NCCc1ccc(Cl)cc1Cl,190.0,active,465.76400000000024,5.676900000000003,2.0,3.0
471,CHEMBL4574657,CCOC(=O)c1[nH]c2cc(Cl)ccc2c1/C=C/C(=O)NCCc1ccccc1OC,270.0,active,426.9000000000002,4.378700000000003,2.0,4.0
472,CHEMBL4472565,CNC(=O)c1cc2ccc(Cl)cc2[nH]1,9380.0,intermediate,208.648,2.1809,2.0,1.0
473,CHEMBL4547876,CCOC(=O)c1[nH]c2cc(Cl)ccc2c1/C=C/C(=O)NCc1cccc(OC)c1,400.0,active,412.87300000000016,4.3362000000000025,2.0,4.0
474,CHEMBL4514408,CCOC(=O)c1[nH]c2cc(Cl)ccc2c1/C=C/C(=O)NCc1ccc(OC)cc1,750.0,active,412.87300000000016,4.3362000000000025,2.0,4.0
475,CHEMBL4443907,CCOC(=O)c1[nH]c2cc(Cl)ccc2c1/C=C/C(=O)NCc1ccccc1,2430.0,intermediate,382.8470000000001,4.327600000000002,2.0,3.0
476,CHEMBL4560124,CCOC(=O)c1[nH]c2cc(Cl)ccc2c1/C=C/C(=O)NCc1ccccc1OC,190.0,active,412.87300000000016,4.3362000000000025,2.0,4.0
477,CHEMBL4443615,CCCNC(=O)c1c(C(=O)OCC)[nH]c2cc(Cl)ccc12,20000.0,inactive,308.76500000000004,3.1378000000000013,2.0,3.0
478,CHEMBL4441927,CCOC(=O)c1[nH]c2cc(Cl)ccc2c1C(=O)NC[C@H](C)CCCC(C)C,2870.0,intermediate,392.9270000000002,5.190200000000004,2.0,3.0
479,CHEMBL4442780,CCOC(=O)c1[nH]c2cc(Cl)ccc2c1/C=C/C(=O)NCc1ccc(Cl)cc1Cl,2950.0,intermediate,451.7370000000002,5.634400000000003,2.0,3.0
480,CHEMBL4469049,CCOC(=O)c1[nH]c2cc(Cl)ccc2c1/C=C/C(=O)NCc1ccccc1Cl,740.0,active,417.29200000000014,4.9810000000000025,2.0,3.0
481,CHEMBL4571752,CCOC(=O)c1[nH]c2cc(Cl)ccc2c1/C=N/NC(=O)CCc1ccccc1,10000.0,inactive,397.86200000000014,4.080900000000002,2.0,4.0
482,CHEMBL4557621,CCOC(=O)c1[nH]c2cc(Cl)ccc2c1/C=N/NC(=O)Cc1cccc(O)c1,1800.0,intermediate,399.8340000000001,3.3964000000000016,3.0,5.0
483,CHEMBL4474382,CCOC(=O)c1[nH]c2cc(Cl)ccc2c1/C=N/NC(=O)Cc1cccnc1,780.0,active,384.8230000000001,3.0858000000000017,2.0,5.0
484,CHEMBL4560037,CCOC(=O)c1[nH]c2cc(Cl)ccc2c1/C=N/NC(=O)Cc1ccccc1,10000.0,inactive,383.8350000000001,3.690800000000002,2.0,4.0
485,CHEMBL4558426,CCOC(=O)c1[nH]c2cc(Cl)ccc2c1/C=N/NC(=O)Cc1cccs1,10000.0,inactive,389.8640000000001,3.7523000000000017,2.0,5.0
486,CHEMBL4542427,CCOC(=O)c1[nH]c2cc(Cl)ccc2c1/C=N/NC(=O)CCC(C)C,10000.0,inactive,363.84500000000014,3.8843000000000023,2.0,4.0
487,CHEMBL4460258,CCCCC(=O)N/N=C/c1c(C(=O)OCC)[nH]c2cc(Cl)ccc12,10000.0,inactive,349.81800000000004,3.638300000000002,2.0,4.0
488,CHEMBL4469652,CCOC(=O)c1[nH]c2cc(Cl)ccc2c1/C=N/NC(=O)CC1CCCC1,10000.0,inactive,375.8560000000002,4.028400000000003,2.0,4.0
489,CHEMBL4468923,CCOC(=O)c1[nH]c2cc(Cl)ccc2c1/C=N/NC(=O)COc1ccc(Cl)cc1Cl,990.0,active,468.72400000000016,4.8339000000000025,2.0,5.0
490,CHEMBL4568543,CCOC(=O)c1[nH]c2cc(Cl)ccc2c1/C=N/NC(=O)COc1ccc([N+](=O)[O-])cc1,10000.0,inactive,444.8310000000002,3.4353000000000016,2.0,7.0
491,CHEMBL4546737,CCOC(=O)c1[nH]c2cc(Cl)ccc2c1/C=N/NC(=O)Cc1ccc(OC)c(OC)c1,920.0,active,443.8870000000002,3.708000000000002,2.0,6.0
492,CHEMBL4451326,CCOC(=O)c1[nH]c2cc(Cl)ccc2c1/C=N/NC(=O)COc1ccccc1Cl,230.0,active,434.2790000000001,4.180500000000003,2.0,5.0
493,CHEMBL4521335,CCOC(=O)c1[nH]c2cc(Cl)ccc2c1/C=N/NC(=O)CSc1nc2ccccc2[nH]1,140.0,active,455.92700000000013,4.116700000000002,3.0,6.0
494,CHEMBL4441796,CCOC(=O)c1[nH]c2cc(Cl)ccc2c1/C=N/NC(=O)COc1ccc(Cl)cc1,740.0,active,434.2790000000001,4.180500000000003,2.0,5.0
495,CHEMBL4473320,CCOC(=O)c1[nH]c2cc(Cl)ccc2c1/C=N/NC(=O)C1CCN(C(=O)OC(C)(C)C)CC1,470.0,active,476.96100000000035,4.095200000000004,2.0,6.0
496,CHEMBL4535315,CCOC(=O)c1[nH]c2cc(Cl)ccc2c1/C=N/NC(=O)[C@H](Cc1ccccc1)NC(=O)OC(C)(C)C,10000.0,inactive,512.9940000000003,4.584100000000004,3.0,6.0
497,CHEMBL4444502,CCOC(=O)c1[nH]c2cc(Cl)ccc2c1/C=N/NC(=O)COc1cccc2ccccc12,10000.0,inactive,449.8940000000002,4.6803000000000035,2.0,5.0
498,CHEMBL4462572,CCOC(=O)c1[nH]c2cc(Cl)ccc2c1/C=N/NC(=O)c1cc(C(C)(C)C)nn1Cc1cccc(C)c1,4220.0,intermediate,520.0330000000004,5.612620000000004,2.0,6.0
499,CHEMBL4448487,CCOC(=O)c1[nH]c2cc(Cl)ccc2c1/C=N/NC(=O)CCCOc1ccc(Cl)cc1Cl,10000.0,inactive,496.77800000000025,5.614100000000004,2.0,5.0
500,CHEMBL4439311,CCOC(=O)c1[nH]c2cc(Cl)ccc2c1/C=N/NC(=O)CNc1cccc([N+](=O)[O-])c1,10000.0,inactive,443.84700000000015,3.4684000000000017,3.0,7.0
501,CHEMBL4590142,CCOC(=O)c1[nH]c2cc(Cl)ccc2c1/C=N/NC(=O)COc1ccccc1,10000.0,inactive,399.8340000000001,3.5271000000000017,2.0,5.0
502,CHEMBL1270704,O=C(OCC#CCSc1nnc(-c2cccc3ccccc23)o1)c1ccc2ccccc2c1,65.0,active,450.5190000000002,5.995500000000004,0.0,6.0
503,CHEMBL1390514,FC(F)(F)c1ccc(CSc2nccn2-c2ccccc2)cc1,50000.0,inactive,334.36600000000004,5.183400000000003,0.0,3.0
504,CHEMBL1520238,Brc1ccc(CSc2nccn2-c2ccccc2)cc1,50000.0,inactive,345.265,4.927100000000004,0.0,3.0
505,CHEMBL1352020,CCc1ccc(CSc2nccn2-c2ccccc2)cc1,50000.0,inactive,294.423,4.727000000000003,0.0,3.0
506,CHEMBL4869861,COc1cccc(CNc2ccc(S(=O)(=O)Nc3nc4c(ccc5ccccc54)s3)cc2)c1O,100000.0,inactive,491.5940000000002,5.5766000000000036,3.0,7.0
507,CHEMBL5089414,CCCCCCCCOC(=O)NS(=O)(=O)Nc1cc(-c2cc3ccccc3[nH]2)ccc1OC,33.0,active,473.59500000000025,5.586900000000004,3.0,5.0
